Country,Year,GDP (in Trillions USD),GDP per Capita (in USD),Inflation Rate (%),Population (in Millions),Population Growth Rate (%),Urban Population (%),Life Expectancy (Years),Healthcare Expenditure per Capita (USD),Doctor-to-Patient Ratio,Literacy Rate (%),Education Expenditure as % of GDP,Internet Penetration (%),Smartphone Adoption (%),Energy Consumption (TWh),Renewable Energy Share (%),Military Expenditure (in Billion USD),Number of Active Military Personnel,CO2 Emissions (Million Metric Tons),Forest Coverage (%),Number of Airports,Road Network Length (in km),Public Transport Usage (%),Human Development Index (HDI),Gender Equality Index,Poverty Rate (%),Number of International Visitors (in Millions),Tourism Revenue (in Billion USD),Agricultural Land (%),Unemployment Rate (%),Labor Force Participation Rate (%),"Crime Rate (per 100,000)",Corruption Perception Index,Freedom of Press Index,Voting Participation Rate (%)
USA,2000,20.87,65455.0,2.28,330.34,0.58,83.42,78.39,11209.0,2.6,100.78,5.12,84.73,88.23,4095.0,17.31,724.68,1464400.0,5156.1,31.88,13869.0,6626400.0,11.74,0.97,0.94,10.98,80.8,210.98,42.37,3.55,65.52,287.4,67.41,45.27,68.81
Russia,2000,1.64,10923.0,3.25,141.81,0.1,72.67,69.91,534.45,4.05,103.55,4.37,84.84,72.88,1058.4,18.6,62.13,986000.0,1660.8,49.15,1251.6,1429500.0,24.0,0.85,0.72,12.89,24.7,36.47,12.53,4.63,57.54,497.5,30.9,146.1,65.0
Canada,2000,1.65,47932.0,1.96,36.63,0.9,79.54,84.6,5113.5,2.84,98.31,5.69,89.75,85.99,559.9,68.81,22.58,67972.5,516.78,36.18,501.5,985000.0,17.51,0.96,0.94,9.46,22.33,29.52,7.22,5.43,65.06,795.2,74.74,16.42,63.0
China,2000,13.64,10060.0,2.43,1446.93,0.31,58.56,76.09,459.0,1.86,98.65,4.02,66.56,71.12,6698.0,28.94,255.52,2045900.0,9690.0,22.0,230.16,4995000.0,35.5,0.72,0.85,2.04,62.2,115.8,54.0,3.68,63.13,102.9,41.75,185.32,72.14
India,2000,2.98,2102.1,4.87,1313.76,1.04,34.09,68.78,76.07,0.86,73.11,3.19,46.4,41.98,1500.0,11.5,70.01,1475768.0,2443.2,24.48,258.5,5929500.0,23.09,0.67,0.66,22.25,11.25,29.12,57.6,7.31,52.1,245.25,40.12,136.36,67.65
Australia,2000,1.38,51039.0,1.54,26.15,1.26,82.65,80.9,5366.4,3.3,103.55,4.71,91.18,86.95,298.5,21.99,27.5,56376.0,421.48,16.0,574.2,867390.0,16.59,0.92,1.0,9.5,9.6,61.38,52.47,4.78,63.49,855.0,76.15,24.68,89.15
USA,2001,22.01,66365.0,2.25,342.58,0.62,83.58,77.52,10835.0,2.7,103.26,5.12,85.89,84.66,4258.8,17.66,757.62,1386000.0,5349.9,32.87,12783.6,6474600.0,11.88,0.92,0.98,10.5,78.0,209.66,42.99,3.64,63.06,306.9,69.28,45.05,63.65
Russia,2001,1.66,10890.0,3.0,152.1,0.1,71.56,69.99,529.73,3.94,97.61,4.21,86.6,74.63,1056.3,19.36,62.5,1030000.0,1614.4,49.24,1158.0,1575000.0,24.23,0.79,0.73,11.97,23.75,34.97,13.17,4.58,62.58,520.0,28.83,151.65,62.73
Canada,2001,1.72,45034.0,1.95,38.66,0.93,80.03,79.58,5103.0,3.04,94.74,5.83,93.09,82.09,540.1,66.13,22.29,69592.5,535.68,38.04,493.0,978000.0,18.45,0.9,0.94,9.47,21.25,29.16,7.1,5.57,65.39,817.6,76.22,16.13,62.04
China,2001,14.0,10390.0,2.33,1437.14,0.3,62.28,79.46,439.2,1.84,95.93,3.98,63.31,71.54,6480.4,29.99,266.22,2150450.0,9520.0,22.33,234.96,5235000.0,33.49,0.75,0.84,1.93,65.91,120.84,55.3,3.7,61.11,104.2,42.5,185.14,74.66
India,2001,3.0,2135.7,4.67,1328.94,0.97,36.16,71.27,74.83,0.91,71.11,3.07,43.97,39.65,1464.0,11.47,73.27,1399236.0,2404.8,23.98,241.5,5982600.0,22.03,0.63,0.68,21.55,11.11,28.48,62.34,7.26,49.8,256.25,39.4,138.6,63.1
Australia,2001,1.34,53901.0,1.55,23.9,1.29,88.84,85.57,5402.8,3.56,99.89,4.8,93.18,89.7,288.9,21.9,27.2,59276.0,395.24,15.52,580.8,840420.0,17.83,0.98,0.92,9.61,8.97,58.38,53.85,5.0,64.09,928.8,77.54,25.1,94.94
USA,2002,21.17,67470.0,2.28,343.58,0.57,80.59,81.63,11055.0,2.5,97.12,5.13,91.49,81.0,4321.8,17.36,732.73,1436400.0,5089.8,33.23,13105.2,6626400.0,12.12,0.9,0.99,10.36,82.48,227.7,44.62,3.83,63.44,288.6,71.35,43.42,69.34
Russia,2002,1.58,11132.0,2.99,141.38,0.1,70.67,76.16,505.57,3.95,103.36,4.24,81.31,73.49,999.6,19.44,63.67,1008000.0,1628.8,48.85,1242.0,1569000.0,23.77,0.84,0.72,12.69,24.38,33.77,13.04,4.65,62.1,512.5,30.69,142.95,64.74
Canada,2002,1.79,47932.0,1.94,35.56,0.95,77.84,85.18,5082.0,2.75,96.82,5.72,95.79,84.16,552.2,66.93,22.31,68310.0,540.0,39.25,486.0,1037000.0,18.79,0.9,0.99,9.79,22.84,29.49,6.8,5.45,64.03,832.8,70.6,15.33,62.94
China,2002,13.97,9870.0,2.47,1430.15,0.31,59.58,75.09,466.65,1.82,93.02,3.81,66.75,72.52,6902.0,29.55,266.74,2136100.0,9830.0,21.93,237.36,5110000.0,35.19,0.75,0.8,2.06,61.88,123.72,56.7,3.45,61.36,98.5,41.2,185.14,75.17
India,2002,2.86,2009.7,4.62,1323.42,1.03,33.7,68.29,70.52,0.92,70.6,2.97,44.15,39.89,1486.5,12.56,72.78,1438224.0,2414.4,22.85,254.0,6147800.0,23.32,0.65,0.66,21.48,10.76,29.23,62.58,7.69,49.15,250.0,40.68,143.22,68.57
Australia,2002,1.36,51145.0,1.5,25.12,1.3,84.11,82.4,5402.8,3.37,97.61,4.87,91.91,83.94,303.0,23.32,28.16,57710.0,428.86,16.43,627.6,837810.0,17.54,0.95,0.94,9.39,9.63,60.96,51.99,5.13,63.29,942.3,76.92,25.15,90.99
USA,2003,20.55,62010.0,2.24,345.89,0.62,83.58,78.39,10538.0,2.67,102.76,4.91,88.11,89.0,4204.2,17.61,744.44,1468600.0,5283.6,34.55,13775.2,6758400.0,12.13,0.91,1.0,10.72,80.32,227.7,43.65,3.53,61.3,304.2,72.17,43.6,69.14
Russia,2003,1.6,11297.0,3.03,146.31,0.1,71.56,74.78,534.98,4.13,97.61,4.24,82.15,72.35,1004.85,19.21,60.34,977000.0,1526.4,51.16,1174.8,1548000.0,25.85,0.85,0.74,12.36,24.45,36.26,13.09,4.54,60.36,496.0,29.28,148.8,61.95
Canada,2003,1.8,48208.0,1.81,37.55,0.91,78.41,85.51,5124.0,2.99,99.3,6.02,91.88,84.0,543.4,66.93,21.93,69525.0,520.02,39.79,512.5,1028000.0,18.36,0.92,0.99,9.1,21.21,31.11,7.05,5.57,66.23,811.2,73.41,15.76,61.68
China,2003,13.71,9900.0,2.47,1364.45,0.29,61.8,73.4,452.25,1.71,93.51,4.11,67.99,71.68,7065.2,28.57,263.09,1972100.0,9920.0,22.37,236.88,5160000.0,34.0,0.74,0.79,2.04,67.53,117.84,54.22,3.44,64.89,96.3,41.79,175.94,68.54
India,2003,2.93,2129.4,5.04,1444.86,0.95,34.37,66.42,74.68,0.87,77.18,3.06,45.05,40.26,1491.0,11.98,73.77,1428116.0,2299.2,24.43,246.5,6165500.0,22.17,0.67,0.66,22.23,11.1,26.85,59.82,7.38,49.3,248.25,41.36,136.22,69.04
Australia,2003,1.37,53954.0,1.47,25.32,1.32,87.89,80.4,5257.2,3.53,103.95,4.73,94.73,88.06,310.2,21.87,26.34,55622.0,416.56,16.0,616.8,860430.0,17.46,0.98,0.93,9.54,9.08,61.44,51.3,5.13,67.19,895.5,74.84,23.85,92.55
USA,2004,21.43,67665.0,2.21,333.98,0.59,83.08,81.79,10483.0,2.56,101.97,4.88,87.84,86.78,4242.0,17.51,726.14,1390200.0,5283.6,34.09,13560.8,6659400.0,11.77,0.94,0.96,9.99,82.48,217.14,45.72,3.8,61.8,297.6,69.14,42.8,66.73
Russia,2004,1.7,10780.0,3.07,138.62,0.1,76.07,76.23,519.23,3.87,95.93,4.28,81.31,74.1,1046.85,18.62,59.42,994000.0,1633.6,49.34,1167.6,1453500.0,25.7,0.83,0.72,11.93,25.1,36.75,12.8,4.39,59.46,481.0,29.01,154.35,65.33
Canada,2004,1.8,45126.0,1.83,38.04,0.91,80.19,84.93,5239.5,2.89,96.13,6.0,92.53,85.91,575.85,70.02,23.03,67432.5,545.94,37.7,514.0,965000.0,18.29,0.94,0.93,9.07,21.45,28.59,6.83,5.49,65.97,803.2,76.74,15.38,59.16
China,2004,14.11,10210.0,2.45,1342.08,0.29,59.94,73.94,440.1,1.82,95.06,4.03,67.8,71.26,6698.0,29.64,249.25,2041800.0,9610.0,20.97,233.52,4845000.0,32.4,0.77,0.84,1.95,65.26,123.12,53.78,3.44,61.55,100.6,40.15,173.11,75.24
India,2004,2.87,2081.1,4.7,1348.26,0.98,33.63,68.98,70.3,0.87,73.19,3.15,44.15,42.23,1479.0,12.07,68.02,1448332.0,2450.4,24.12,241.75,5941300.0,23.18,0.64,0.64,22.51,10.87,26.96,58.5,7.27,48.5,254.0,38.36,140.98,68.24
Australia,2004,1.36,55544.0,1.46,24.62,1.32,84.02,82.23,5376.8,3.46,95.83,4.97,90.36,86.69,305.7,22.2,28.0,56318.0,396.88,15.39,596.4,843030.0,16.8,0.94,0.98,10.05,9.04,57.3,55.12,5.2,64.55,876.6,75.69,25.65,90.34
USA,2005,21.34,66235.0,2.32,329.01,0.62,82.17,82.18,11198.0,2.49,94.05,5.18,89.09,82.45,4179.0,17.05,761.28,1412600.0,4982.7,33.2,13895.8,6428400.0,11.71,0.92,0.99,10.53,78.4,223.96,42.72,3.63,60.98,288.0,71.76,44.1,69.55
Russia,2005,1.7,10868.0,3.17,147.47,0.1,71.04,73.25,504.52,4.11,99.3,4.21,85.51,79.57,1102.5,19.29,60.16,1029000.0,1643.2,47.14,1213.2,1464000.0,23.93,0.83,0.75,12.03,23.95,36.65,12.69,4.43,62.28,507.5,29.46,147.6,63.9
Canada,2005,1.81,45540.0,1.96,37.37,0.89,80.19,85.67,5423.25,2.95,96.03,5.94,93.28,84.16,530.2,65.93,22.02,67635.0,515.16,38.87,485.5,998000.0,18.59,0.96,0.96,9.17,22.2,28.74,7.01,5.49,64.28,836.0,75.04,15.3,57.78
China,2005,14.67,10200.0,2.33,1350.47,0.29,57.06,78.92,463.95,1.72,94.77,3.83,66.62,68.74,6507.6,29.67,247.95,1980300.0,10190.0,22.81,247.2,5235000.0,32.37,0.8,0.79,2.08,61.95,117.36,55.08,3.57,63.5,100.8,42.71,180.72,73.15
India,2005,2.9,2163.0,4.62,1317.9,1.05,33.7,67.94,73.44,0.94,77.03,3.23,43.2,42.84,1452.0,12.47,71.64,1425228.0,2308.8,23.38,237.75,5841000.0,21.99,0.65,0.69,22.78,10.47,29.23,59.22,7.38,49.65,259.25,39.4,135.8,63.16
Australia,2005,1.29,54537.0,1.48,25.62,1.33,81.87,80.31,4981.6,3.46,99.79,4.69,87.45,84.19,294.9,22.86,27.34,57884.0,418.61,16.19,615.0,833460.0,17.37,0.91,0.93,9.61,9.15,62.4,55.44,5.11,64.28,930.6,77.92,26.07,92.09
USA,2006,21.26,62465.0,2.19,328.35,0.62,86.9,81.55,11264.0,2.72,103.85,5.01,91.05,82.88,4006.8,17.07,759.82,1398600.0,5176.5,33.63,13601.0,6520800.0,11.82,0.92,0.98,10.68,81.6,216.92,42.2,3.82,60.35,291.9,66.86,44.37,63.92
Russia,2006,1.64,10494.0,3.08,143.26,0.1,71.71,70.86,527.62,4.0,97.22,4.42,81.14,79.42,1097.25,19.84,59.85,966000.0,1652.8,50.13,1233.6,1528500.0,24.12,0.82,0.75,12.89,25.8,34.62,13.43,4.69,57.36,515.5,30.57,151.95,65.97
Canada,2006,1.67,45218.0,1.88,36.3,0.87,82.13,83.7,5444.25,2.8,99.79,5.81,90.02,81.92,529.1,63.85,22.15,66015.0,554.04,38.19,486.5,991000.0,17.6,0.93,0.97,8.95,21.1,29.46,6.78,5.5,61.88,762.4,73.78,15.84,57.54
China,2006,14.76,9830.0,2.32,1411.98,0.3,59.52,78.39,437.4,1.76,93.99,3.97,66.56,67.48,6834.0,30.36,248.21,1986450.0,10110.0,22.13,235.44,4985000.0,33.49,0.75,0.78,2.03,62.92,125.76,53.46,3.59,59.98,104.8,42.13,178.59,69.05
India,2006,2.81,2076.9,4.68,1397.94,1.04,34.34,68.78,72.2,0.88,74.44,3.0,45.99,39.44,1551.0,11.99,71.5,1425228.0,2455.2,23.28,241.5,6165500.0,23.53,0.65,0.65,20.94,11.44,28.98,57.18,7.17,48.95,244.0,38.76,145.46,64.09
Australia,2006,1.27,50668.0,1.53,25.38,1.35,88.41,82.07,4945.2,3.29,94.45,5.13,89.09,88.32,294.0,23.05,26.81,57478.0,423.94,16.45,574.8,867390.0,17.02,0.92,1.0,9.76,9.44,61.32,51.04,5.25,64.09,860.4,76.61,25.1,92.83
USA,2007,20.96,66235.0,2.35,330.34,0.61,80.51,77.68,10978.0,2.56,103.85,5.16,88.2,82.7,4061.4,17.66,740.78,1404200.0,5304.0,32.93,13467.0,6732000.0,11.65,0.89,0.95,10.28,79.6,229.9,44.62,3.84,60.48,312.9,72.17,46.44,65.06
Russia,2007,1.56,10692.0,3.08,138.47,0.1,73.26,74.49,523.42,4.16,98.9,4.44,84.17,75.85,1022.7,19.8,62.13,956000.0,1660.8,47.92,1149.6,1462500.0,23.88,0.81,0.69,12.18,25.93,36.12,13.35,4.56,61.08,490.0,28.83,156.6,67.47
Canada,2007,1.82,44712.0,1.9,38.74,0.88,83.11,78.68,5108.25,2.83,95.34,5.89,89.65,81.75,558.25,63.92,22.09,70065.0,561.06,39.37,511.0,1023000.0,17.17,0.92,0.95,9.61,20.92,29.97,7.21,5.84,67.41,772.0,76.44,15.47,57.24
China,2007,13.85,10290.0,2.39,1462.31,0.3,62.22,79.69,430.65,1.73,100.69,4.08,62.85,68.53,6596.0,27.93,257.87,2117650.0,9630.0,21.63,244.32,4970000.0,35.33,0.77,0.79,2.05,64.61,121.68,56.05,3.67,60.29,100.1,41.96,178.95,73.37
India,2007,2.78,2179.8,4.99,1397.94,1.03,34.34,71.0,74.83,0.87,74.44,3.0,46.71,40.1,1519.5,12.44,71.14,1393460.0,2426.4,25.01,247.0,6023900.0,23.55,0.61,0.68,22.25,10.93,28.9,60.6,7.72,47.7,239.0,41.84,137.06,67.78
Australia,2007,1.33,51251.0,1.47,25.73,1.28,87.2,84.98,5080.4,3.3,94.84,5.13,90.82,84.88,303.9,24.08,28.77,55158.0,419.84,16.29,628.8,912630.0,17.58,0.9,0.96,9.37,9.24,57.24,51.52,4.99,68.84,917.1,80.77,24.7,94.76
USA,2008,20.66,66625.0,2.39,315.44,0.58,87.07,76.81,10626.0,2.49,96.62,5.03,88.73,87.47,4132.8,16.22,736.39,1379000.0,5161.2,31.98,12797.0,6342600.0,11.44,0.97,1.03,10.47,83.52,219.56,43.3,3.77,63.13,303.3,67.97,43.52,64.19
Russia,2008,1.57,10472.0,2.97,149.93,0.1,70.82,74.85,516.08,3.89,102.66,4.34,82.24,73.57,1098.3,19.23,61.21,998000.0,1523.2,47.28,1228.8,1482000.0,25.68,0.8,0.74,12.82,25.68,36.75,13.47,4.62,57.72,512.0,29.22,150.9,65.26
Canada,2008,1.67,47426.0,1.89,36.52,0.92,77.03,78.27,5250.0,2.8,96.72,5.99,91.33,81.09,539.0,69.75,23.14,66015.0,532.98,37.24,512.0,1000000.0,18.2,0.9,0.95,9.32,21.03,30.96,6.82,5.4,65.97,762.4,75.78,15.39,59.64
China,2008,14.71,9790.0,2.46,1335.09,0.28,62.82,73.48,463.5,1.84,99.13,4.07,66.36,67.34,6956.4,29.49,249.78,2033600.0,9670.0,21.71,246.24,5155000.0,34.17,0.73,0.83,2.09,62.01,123.12,56.0,3.76,60.54,101.5,43.6,176.82,73.58
India,2008,2.85,2018.1,4.79,1439.34,1.01,36.26,69.4,71.1,0.89,77.26,3.17,42.88,41.0,1452.0,12.12,72.35,1425228.0,2424.0,23.66,241.0,5953100.0,22.22,0.63,0.64,20.98,10.97,29.18,59.04,7.75,51.5,250.5,41.12,145.6,67.98
Australia,2008,1.34,52523.0,1.46,25.62,1.28,86.34,82.98,5387.2,3.44,99.89,4.76,86.81,84.71,309.0,23.07,26.73,60262.0,406.72,15.31,603.6,857820.0,17.14,0.91,0.91,9.73,9.48,61.2,54.06,4.95,66.73,943.2,77.0,25.62,88.04
USA,2009,20.38,67600.0,2.21,337.29,0.57,83.17,76.49,11528.0,2.56,102.56,5.14,88.2,81.69,4032.0,16.66,702.72,1339800.0,5237.7,34.22,13802.0,6309600.0,12.46,0.97,0.96,10.77,80.96,210.32,43.25,3.61,63.0,299.1,66.65,46.71,68.41
Russia,2009,1.62,10758.0,2.97,145.29,0.1,76.66,74.05,506.1,3.87,103.06,4.38,85.43,73.72,1001.7,18.09,62.26,1050000.0,1673.6,47.09,1143.6,1437000.0,24.15,0.79,0.72,12.84,23.8,35.84,13.17,4.6,58.8,494.0,28.56,143.7,66.75
Canada,2009,1.75,44160.0,1.81,37.37,0.92,82.46,81.97,5229.0,2.79,103.45,5.92,94.86,84.91,530.75,69.21,22.42,67095.0,566.46,38.65,495.5,1040000.0,17.69,0.92,0.95,9.39,22.62,31.41,7.04,5.61,65.45,790.4,73.48,15.42,61.62
China,2009,14.3,9770.0,2.48,1441.34,0.3,61.08,77.16,447.75,1.78,93.22,3.99,67.34,66.64,6670.8,28.54,249.52,2099200.0,9670.0,21.41,240.48,4930000.0,34.85,0.8,0.83,2.04,62.53,124.44,56.16,3.46,61.93,104.6,40.28,174.7,70.56
India,2009,2.81,2190.3,4.7,1439.34,1.03,35.91,68.5,76.58,0.92,72.08,3.01,43.74,40.43,1435.5,12.59,71.71,1472880.0,2428.8,25.18,257.5,6029800.0,24.01,0.64,0.69,22.95,11.01,28.34,61.74,7.42,51.6,260.0,40.4,144.06,64.28
Australia,2009,1.37,54007.0,1.54,24.18,1.29,88.15,81.32,5309.2,3.44,98.41,4.81,94.09,82.3,296.1,22.75,26.32,58058.0,414.1,16.02,576.6,895230.0,16.42,0.98,0.98,9.86,9.82,60.6,54.7,4.81,63.36,864.0,80.16,24.95,94.21
USA,2010,21.86,64220.0,2.3,338.94,0.61,78.85,82.66,10835.0,2.51,98.9,5.0,90.6,86.02,4032.0,16.49,707.11,1387400.0,5110.2,33.4,13895.8,6811200.0,12.16,0.93,1.01,10.03,80.88,220.0,42.94,3.65,60.8,294.9,72.31,46.3,64.25
Russia,2010,1.63,10670.0,3.12,140.36,0.1,75.63,69.91,539.17,3.82,98.31,4.33,85.85,72.58,1021.65,19.74,59.11,970000.0,1561.6,48.61,1228.8,1543500.0,25.95,0.8,0.71,12.26,24.35,35.35,12.62,4.66,60.06,492.5,30.39,147.9,62.73
Canada,2010,1.82,46506.0,1.88,38.52,0.87,82.94,84.85,5370.75,2.84,98.31,6.08,91.33,86.4,565.95,68.34,22.8,64530.0,515.16,39.82,507.5,971000.0,17.62,0.89,1.0,9.22,22.2,30.6,6.73,5.44,62.98,766.4,71.85,16.58,58.38
China,2010,14.87,10470.0,2.5,1402.19,0.3,61.26,79.31,461.7,1.75,95.16,3.91,66.11,71.61,7058.4,29.46,259.17,2072550.0,9610.0,22.7,237.12,5180000.0,32.47,0.77,0.8,2.08,62.2,116.76,53.46,3.74,64.83,99.1,40.24,169.39,69.48
India,2010,2.86,2083.2,4.58,1322.04,0.98,34.48,66.14,69.42,0.87,71.85,3.16,46.76,40.63,1495.5,11.65,69.15,1422340.0,2289.6,24.74,242.0,5622700.0,23.16,0.68,0.63,21.57,11.41,27.55,61.44,7.43,52.05,243.5,41.32,145.04,69.04
Australia,2010,1.35,50880.0,1.5,25.0,1.25,83.76,81.06,5012.8,3.31,94.74,5.05,88.91,87.72,291.3,22.45,26.59,56608.0,413.28,15.38,593.4,901320.0,16.25,0.94,0.96,9.27,9.82,59.46,51.04,4.94,68.11,857.7,76.61,25.8,90.9
USA,2011,21.47,64220.0,2.32,329.35,0.62,82.25,81.71,10791.0,2.55,102.96,5.12,88.29,87.55,4090.8,17.61,764.21,1394400.0,4875.6,33.59,13976.2,6560400.0,11.98,0.93,1.03,10.79,82.4,221.76,42.28,3.76,61.17,299.4,66.03,44.46,65.19
Russia,2011,1.64,10593.0,2.96,138.47,0.1,76.66,76.08,546.52,3.84,99.1,4.31,84.42,76.84,1038.45,19.44,59.54,1035000.0,1640.0,47.38,1236.0,1516500.0,24.23,0.84,0.69,12.44,25.05,35.31,13.35,4.76,60.96,503.0,30.45,156.15,61.95
Canada,2011,1.74,47840.0,1.85,37.89,0.94,84.0,78.76,5475.75,2.97,95.34,6.06,90.02,79.43,539.55,64.99,21.32,69255.0,561.6,38.49,494.5,1035000.0,18.63,0.97,0.94,9.04,22.42,29.25,6.99,5.72,66.11,773.6,71.11,16.48,60.12
China,2011,14.66,10400.0,2.5,1428.76,0.31,57.66,72.87,460.8,1.73,93.22,4.18,66.89,70.21,6942.8,29.0,257.08,2097150.0,9870.0,22.77,232.08,4755000.0,34.61,0.77,0.79,1.91,68.25,114.24,54.32,3.56,65.9,97.5,43.72,168.33,75.38
India,2011,2.81,2158.8,4.85,1341.36,1.02,34.48,66.62,75.12,0.88,76.44,3.2,45.99,41.9,1429.5,11.41,71.85,1373244.0,2340.0,24.26,253.25,6035700.0,22.01,0.68,0.64,22.97,10.6,27.44,60.84,7.4,49.35,260.5,38.16,142.94,68.51
Australia,2011,1.33,50615.0,1.54,24.57,1.35,83.33,87.15,5168.8,3.29,94.45,4.78,88.36,87.98,298.5,23.74,27.11,57768.0,429.27,16.5,626.4,879570.0,17.43,0.94,0.93,9.38,9.66,60.54,55.44,5.04,63.43,899.1,74.61,25.2,92.28
USA,2012,21.9,66105.0,2.21,344.24,0.63,86.24,80.6,11066.0,2.72,103.55,5.07,89.0,87.47,4191.6,16.93,754.69,1415400.0,5156.1,32.34,14003.0,6883800.0,12.11,0.91,0.98,10.27,77.2,227.04,42.33,3.86,62.18,297.3,66.58,42.98,69.41
Russia,2012,1.63,10549.0,3.0,151.09,0.1,70.67,75.29,525.0,4.15,98.21,4.48,80.3,73.72,1085.7,18.14,62.63,972000.0,1601.6,46.7,1227.6,1446000.0,26.18,0.8,0.71,12.06,24.75,33.7,13.12,4.71,59.4,503.0,29.28,154.95,62.59
Canada,2012,1.8,44574.0,1.99,36.37,0.9,80.35,85.18,5297.25,2.81,101.47,6.13,91.88,86.32,542.85,67.54,23.14,69997.5,540.0,39.14,494.5,1006000.0,18.54,0.96,0.95,9.85,21.63,31.05,6.94,5.43,65.97,808.0,72.82,15.84,58.56
China,2012,13.97,9980.0,2.4,1389.61,0.29,59.94,79.84,472.5,1.71,96.13,4.08,67.02,68.25,6983.6,30.45,256.82,2056150.0,10200.0,21.34,245.04,5205000.0,32.88,0.79,0.85,1.93,62.59,122.52,54.16,3.58,64.76,98.6,40.57,171.51,70.78
India,2012,2.98,2127.3,4.58,1312.38,1.02,36.58,71.14,72.78,0.87,76.29,3.15,43.34,41.04,1521.0,12.29,71.71,1464216.0,2491.2,24.72,252.0,5858700.0,22.91,0.65,0.69,21.92,11.0,28.95,62.46,7.75,51.25,256.0,40.24,140.0,63.36
Australia,2012,1.29,51728.0,1.45,25.68,1.3,85.05,82.23,5210.4,3.25,99.89,5.13,95.55,84.54,292.8,22.89,28.77,55680.0,427.22,15.36,579.6,897840.0,17.19,0.98,0.97,9.99,9.05,60.36,53.8,5.09,65.27,908.1,77.85,24.88,96.14
USA,2013,21.17,63830.0,2.18,327.36,0.6,84.0,76.57,11319.0,2.65,96.72,4.77,87.93,82.62,4124.4,17.19,723.22,1446200.0,5135.7,33.03,14003.0,6520800.0,12.4,0.88,1.02,10.97,78.56,222.2,44.53,3.59,61.61,288.0,71.28,46.26,66.53
Russia,2013,1.56,10934.0,3.08,151.24,0.1,74.22,71.37,543.38,3.86,95.34,4.21,81.48,76.61,1060.5,18.2,62.63,984000.0,1654.4,49.73,1177.2,1558500.0,25.93,0.79,0.75,12.44,25.57,33.6,12.92,4.73,57.12,502.0,31.23,149.55,62.73
Canada,2013,1.79,45448.0,1.89,37.92,0.91,84.0,79.75,5029.5,2.95,99.5,5.78,95.98,85.41,539.55,67.6,23.43,66690.0,545.94,38.42,491.0,1027000.0,18.79,0.96,0.96,9.83,22.99,29.4,7.03,5.48,65.78,830.4,72.0,16.32,58.62
China,2013,14.44,10360.0,2.29,1393.81,0.3,57.9,76.47,462.15,1.81,93.61,4.1,62.59,67.69,6466.8,29.84,265.96,2127900.0,10020.0,22.2,251.28,4940000.0,32.84,0.74,0.78,2.01,62.85,125.04,56.43,3.54,64.83,103.5,44.02,182.13,71.86
India,2013,2.96,2106.3,4.82,1348.26,1.01,35.95,70.79,69.86,0.9,71.26,2.96,43.88,41.12,1429.5,11.42,72.7,1418008.0,2510.4,22.97,238.75,5734800.0,23.74,0.64,0.65,21.66,10.89,27.33,59.7,7.79,51.85,260.5,40.28,141.26,67.39
Australia,2013,1.3,53795.0,1.55,26.23,1.3,83.59,83.65,5101.2,3.41,94.45,4.71,93.91,81.79,292.5,23.44,26.51,56260.0,394.01,15.26,583.2,864780.0,16.44,0.97,0.98,9.35,9.62,58.2,50.56,5.23,68.84,933.3,73.46,25.8,87.86
USA,2014,21.49,68120.0,2.21,319.08,0.61,82.58,76.57,11275.0,2.69,100.78,5.24,92.65,84.06,4237.8,16.66,752.5,1344000.0,5253.0,32.93,13266.0,6276600.0,12.16,0.92,0.97,10.44,78.0,225.28,43.78,3.72,65.27,313.2,71.55,47.16,69.75
Russia,2014,1.57,11319.0,2.98,140.07,0.1,75.18,73.62,547.58,4.17,100.48,4.35,88.2,77.29,1002.75,18.41,64.35,995000.0,1588.8,50.03,1201.2,1522500.0,26.07,0.8,0.73,12.3,25.23,33.84,12.39,4.72,57.78,520.5,29.49,148.2,63.51
Canada,2014,1.74,44574.0,1.83,37.26,0.86,78.97,85.35,5150.25,2.94,95.63,5.81,91.61,85.91,532.4,67.27,22.13,69930.0,556.74,36.29,493.5,1040000.0,17.21,0.92,0.93,9.64,22.09,28.5,6.9,5.71,65.84,790.4,73.41,15.73,59.28
China,2014,14.24,9950.0,2.34,1349.07,0.31,58.92,80.46,447.75,1.73,100.98,3.84,63.12,73.29,6664.0,29.0,257.35,2125850.0,9790.0,21.03,236.16,4775000.0,33.49,0.74,0.8,2.02,65.33,123.24,55.62,3.52,60.23,104.6,40.53,185.32,69.84
India,2014,2.73,2163.0,4.93,1359.3,0.97,34.09,68.91,74.53,0.92,71.56,3.12,45.13,42.02,1470.0,11.63,67.52,1469992.0,2340.0,22.99,240.5,5740700.0,21.94,0.64,0.65,21.4,10.89,28.39,61.38,7.62,50.05,241.5,39.4,145.04,64.94
Australia,2014,1.32,52046.0,1.47,24.82,1.26,87.81,86.07,5018.0,3.34,96.62,4.99,91.73,89.27,294.9,22.56,26.51,56028.0,408.36,15.86,586.8,848250.0,17.59,0.97,0.93,9.7,9.06,59.7,51.15,4.79,62.9,877.5,76.23,24.9,90.34
USA,2015,20.72,64870.0,2.34,321.4,0.6,82.42,79.18,10560.0,2.49,103.95,5.16,92.56,89.0,4103.4,16.83,702.72,1437800.0,5227.5,32.37,13601.0,6461400.0,11.6,0.97,1.03,10.7,77.84,225.06,44.7,3.59,63.31,293.1,72.24,43.47,67.94
Russia,2015,1.63,11000.0,3.0,142.53,0.1,74.22,72.75,550.2,4.2,102.47,4.49,84.59,76.15,1058.4,18.45,60.96,950000.0,1539.2,48.85,1239.6,1551000.0,24.27,0.8,0.7,11.93,25.02,34.23,12.77,4.69,57.66,499.5,30.99,153.3,63.31
Canada,2015,1.75,45356.0,1.96,38.74,0.9,79.7,82.55,5402.25,2.95,97.32,5.81,91.61,85.32,562.65,65.06,22.29,65002.5,528.12,38.68,480.5,989000.0,18.47,0.96,0.93,9.55,21.21,30.63,7.06,5.57,67.28,774.4,70.97,15.82,59.88
China,2015,14.02,10120.0,2.38,1410.58,0.3,61.98,78.46,429.75,1.82,97.58,3.88,65.45,68.81,6752.4,28.71,271.7,2064350.0,10080.0,23.1,231.36,4955000.0,35.46,0.74,0.78,2.01,64.81,123.84,54.05,3.5,60.35,95.5,40.99,172.93,70.13
India,2015,2.84,2202.9,4.82,1425.54,0.99,35.8,69.96,71.25,0.94,72.3,3.22,43.2,38.95,1558.5,12.18,70.79,1490208.0,2289.6,24.53,251.25,5705300.0,23.74,0.66,0.66,21.22,10.71,26.85,62.94,7.49,52.15,255.75,40.6,145.6,63.49
Australia,2015,1.34,54908.0,1.52,24.65,1.32,90.04,81.73,5376.8,3.47,101.77,4.94,95.09,89.61,291.9,23.02,27.03,60030.0,423.12,16.53,572.4,881310.0,16.17,0.96,0.91,9.92,9.64,59.28,53.42,4.76,66.53,892.8,74.84,25.07,87.95
USA,2016,20.4,67990.0,2.33,335.3,0.57,81.42,75.38,11033.0,2.7,96.72,4.78,92.38,86.78,4317.6,17.7,718.82,1425200.0,5145.9,33.63,13587.6,6375600.0,11.71,0.96,0.94,10.1,80.16,230.34,44.18,3.56,65.27,285.9,69.14,46.84,66.53
Russia,2016,1.62,11154.0,3.06,147.18,0.1,76.44,73.76,544.95,4.11,100.98,4.35,81.73,74.4,1094.1,18.09,60.47,956000.0,1672.0,46.89,1147.2,1540500.0,26.23,0.81,0.74,12.3,25.3,36.3,12.57,4.83,60.24,502.0,30.12,157.2,63.44
Canada,2016,1.71,46874.0,1.96,37.07,0.91,84.64,78.93,5460.0,2.87,103.65,5.96,90.21,82.17,532.95,67.8,22.4,69660.0,550.8,38.34,523.5,1021000.0,17.3,0.9,0.93,9.4,21.21,30.57,6.81,5.86,63.57,834.4,75.26,15.74,58.8
China,2016,14.34,9520.0,2.36,1438.54,0.29,57.96,76.7,428.4,1.88,93.7,3.98,62.66,72.31,6949.6,28.57,257.08,2148400.0,10500.0,22.77,244.08,5175000.0,32.61,0.79,0.78,2.03,65.84,123.12,51.52,3.57,65.02,96.1,42.21,170.45,71.35
India,2016,2.97,2062.2,4.68,1373.1,1.04,34.51,70.51,74.83,0.93,76.29,3.14,44.73,39.52,1447.5,11.54,72.99,1429560.0,2426.4,24.7,240.25,5752500.0,23.53,0.62,0.68,22.56,11.02,29.34,61.62,7.29,50.05,259.5,39.72,133.56,68.05
Australia,2016,1.29,54749.0,1.54,24.12,1.34,83.25,82.57,5356.0,3.24,100.29,5.12,91.27,82.04,291.9,23.55,27.69,56144.0,413.69,16.54,627.6,912630.0,17.61,0.99,0.94,10.08,9.17,62.1,51.41,4.83,69.1,857.7,80.7,25.27,96.6
USA,2017,22.18,67405.0,2.36,329.01,0.61,83.0,79.73,10714.0,2.5,97.42,4.87,85.0,88.83,4065.6,17.03,718.82,1419600.0,5161.2,31.52,13051.6,6890400.0,11.5,0.93,0.98,10.39,81.2,229.9,41.93,3.65,60.48,300.0,67.9,44.64,64.66
Russia,2017,1.64,10637.0,3.03,147.9,0.1,77.11,74.12,515.02,3.94,99.1,4.3,86.18,76.08,1076.25,19.32,61.08,967000.0,1614.4,46.6,1254.0,1458000.0,24.95,0.81,0.73,12.78,23.75,34.58,12.83,4.65,57.48,496.5,29.31,157.05,68.06
Canada,2017,1.75,46782.0,1.9,36.74,0.87,80.92,82.46,5113.5,2.93,99.1,5.69,91.23,81.26,576.4,69.75,22.13,65475.0,530.82,37.01,494.5,952000.0,18.0,0.89,0.95,9.42,22.42,30.15,7.02,5.64,66.89,797.6,70.52,15.9,58.98
China,2017,14.51,10150.0,2.51,1409.18,0.3,59.64,75.63,436.5,1.84,94.96,3.87,63.7,69.79,6480.4,29.23,256.3,2031550.0,10050.0,22.44,237.12,4985000.0,33.18,0.77,0.82,2.09,62.47,120.48,54.49,3.49,66.09,101.7,40.78,181.6,70.92
India,2017,2.93,2016.0,5.04,1380.0,0.96,35.91,72.59,70.08,0.91,73.04,3.07,43.38,41.66,1467.0,11.89,69.58,1503204.0,2520.0,24.34,240.75,6124200.0,22.54,0.64,0.65,20.94,10.87,29.34,59.76,7.73,50.65,250.25,38.04,139.16,65.54
Australia,2017,1.4,52841.0,1.44,24.62,1.32,86.34,82.65,5257.2,3.23,103.85,4.88,88.82,82.82,288.9,22.22,28.71,59044.0,416.97,16.3,615.0,911760.0,17.83,0.93,0.92,9.29,9.38,62.82,51.78,5.09,67.12,870.3,80.85,24.48,91.36
USA,2018,22.24,66300.0,2.32,317.43,0.6,79.51,76.57,10868.0,2.69,100.88,4.93,89.71,86.44,4380.6,17.2,731.27,1355200.0,5304.0,34.55,14003.0,6817800.0,12.25,0.97,0.95,10.84,81.92,213.4,44.13,3.54,60.16,298.8,70.86,43.7,68.61
Russia,2018,1.58,10461.0,3.18,137.75,0.1,70.3,71.8,519.75,3.87,98.41,4.25,86.77,78.43,1010.1,19.59,64.17,1049000.0,1550.4,51.2,1210.8,1566000.0,25.73,0.8,0.7,12.1,25.88,33.88,13.42,4.66,57.6,524.0,30.27,144.6,68.25
Canada,2018,1.66,43792.0,1.98,38.78,0.91,82.3,82.05,5465.25,2.84,102.66,5.72,89.84,84.41,541.2,68.27,23.48,70605.0,562.14,36.52,499.5,1040000.0,18.68,0.97,0.99,9.31,21.74,30.99,7.17,5.34,65.39,788.0,70.52,15.3,62.76
China,2018,14.23,9540.0,2.42,1361.65,0.31,61.74,77.77,437.4,1.78,98.55,4.04,65.26,68.81,6534.8,29.84,261.52,2009000.0,9730.0,21.19,230.88,5115000.0,32.67,0.73,0.83,1.93,67.6,115.68,56.43,3.63,60.48,95.3,43.93,170.45,71.14
India,2018,2.84,2024.4,4.57,1337.22,0.98,34.3,70.58,73.66,0.9,77.55,3.18,47.2,41.7,1522.5,11.84,69.58,1511868.0,2376.0,22.94,252.25,6147800.0,24.1,0.62,0.68,22.45,10.67,28.5,60.78,7.87,51.5,245.25,39.0,134.54,63.49
Australia,2018,1.3,53689.0,1.49,25.07,1.31,89.96,85.99,4960.8,3.48,101.97,4.98,87.81,84.71,288.6,22.61,26.84,58058.0,429.27,15.49,621.6,837810.0,17.61,0.94,0.94,9.39,9.87,61.44,52.73,4.8,63.49,909.0,80.77,25.9,88.14
USA,2019,21.52,63375.0,2.28,318.09,0.61,84.66,78.55,11033.0,2.58,100.98,4.93,91.49,83.3,4048.8,16.81,734.93,1419600.0,4952.1,34.02,13855.6,6738600.0,11.71,0.88,1.03,10.9,83.6,210.32,45.41,3.86,60.67,306.6,71.28,44.28,70.28
Russia,2019,1.59,10626.0,3.18,143.26,0.1,70.82,70.28,546.52,4.11,100.98,4.45,85.26,76.61,1042.65,19.32,59.54,1005000.0,1619.2,47.97,1236.0,1462500.0,25.38,0.8,0.72,11.88,26.05,34.55,12.91,4.43,60.66,482.0,30.27,142.5,67.41
Canada,2019,1.81,44896.0,1.84,35.48,0.87,80.19,85.43,5050.5,3.02,95.53,5.79,94.39,85.24,548.35,64.45,22.31,68850.0,536.22,37.35,517.0,1010000.0,17.17,0.91,0.99,9.02,22.77,29.52,7.03,5.35,66.04,821.6,73.41,15.86,59.22
China,2019,14.77,9910.0,2.44,1340.68,0.3,58.74,74.17,438.75,1.77,93.61,4.16,63.83,69.37,6487.2,29.46,273.53,1984400.0,10470.0,22.15,228.48,4980000.0,34.95,0.73,0.79,1.93,65.33,120.96,53.03,3.43,61.42,104.7,40.4,183.9,69.34
India,2019,2.92,2146.2,5.02,1327.56,0.96,33.98,69.96,70.44,0.87,75.11,3.01,46.8,39.93,1521.0,12.06,67.59,1487320.0,2500.8,23.06,249.5,5622700.0,22.49,0.67,0.64,21.24,11.32,28.9,57.0,7.14,49.75,251.5,38.96,139.3,65.74
Australia,2019,1.39,51410.0,1.45,25.6,1.35,83.85,86.74,5449.6,3.54,103.85,4.94,92.46,88.41,294.3,22.08,26.32,60726.0,401.8,15.71,576.0,904800.0,17.83,0.9,0.93,10.03,9.24,59.82,54.75,4.89,63.89,936.9,74.23,26.12,91.72
USA,2020,22.14,62205.0,2.26,333.98,0.58,82.75,81.24,10659.0,2.62,96.92,4.77,86.6,85.94,4095.0,16.69,737.12,1383200.0,5156.1,31.71,13440.2,6474600.0,11.63,0.93,0.97,10.7,78.0,229.68,43.74,3.64,59.91,301.2,65.96,44.01,64.19
Russia,2020,1.67,11396.0,3.1,141.23,0.1,71.56,72.38,544.95,4.14,98.7,4.15,81.65,77.52,1059.45,19.57,63.61,957000.0,1643.2,50.81,1221.6,1471500.0,26.2,0.81,0.74,12.36,24.88,33.6,13.49,4.49,60.18,509.0,29.82,144.45,62.47
Canada,2020,1.67,43700.0,1.85,35.7,0.88,78.33,81.48,5202.75,2.98,100.78,6.15,96.25,82.42,558.8,69.75,22.2,68107.5,561.6,36.33,503.0,1050000.0,17.17,0.91,0.94,8.98,21.47,30.18,7.29,5.65,62.85,796.0,72.74,15.33,62.64
China,2020,14.15,9770.0,2.47,1333.69,0.29,57.66,79.23,450.0,1.87,94.67,3.88,64.94,69.37,6616.4,29.26,248.21,2027450.0,10360.0,21.52,230.4,5020000.0,32.67,0.78,0.78,2.01,65.52,118.8,52.33,3.61,65.9,95.7,40.61,179.3,70.92
India,2020,2.76,2058.0,4.68,1406.22,0.99,35.59,71.27,74.68,0.9,75.7,3.05,44.87,42.97,1510.5,12.46,73.27,1491652.0,2335.2,23.69,243.5,5929500.0,22.93,0.64,0.68,21.4,11.3,27.44,60.0,7.25,52.15,256.0,40.48,143.5,66.92
Australia,2020,1.27,52311.0,1.56,25.9,1.3,88.67,80.9,5252.0,3.56,101.87,4.89,91.64,82.82,299.4,22.1,27.69,55854.0,421.89,16.05,610.8,883920.0,16.88,0.9,0.93,9.43,9.4,59.28,52.79,5.12,67.39,918.0,74.54,24.23,92.18
USA,2021,21.73,65390.0,2.23,323.72,0.62,79.76,82.11,11440.0,2.7,99.69,4.79,88.47,89.08,4229.4,17.36,710.77,1464400.0,4865.4,34.65,13520.6,6765000.0,12.58,0.93,0.94,10.9,77.52,219.12,44.7,3.76,65.71,307.2,70.17,43.52,69.08
Russia,2021,1.67,11341.0,3.22,148.34,0.1,70.74,75.87,525.0,3.93,102.17,4.27,86.6,72.96,1072.05,18.49,61.39,987000.0,1600.0,46.84,1192.8,1480500.0,25.2,0.81,0.72,13.04,23.82,35.1,12.78,4.43,57.3,505.0,29.46,151.8,65.58
Canada,2021,1.71,44160.0,1.86,38.37,0.87,81.16,79.42,5187.0,2.79,102.56,5.9,96.07,84.33,552.75,70.15,22.71,67972.5,551.34,36.1,509.0,955000.0,18.58,0.92,0.98,9.35,22.13,29.91,7.01,5.78,63.12,804.8,70.89,16.5,58.86
China,2021,14.88,10190.0,2.46,1427.36,0.29,59.94,72.87,427.5,1.83,101.36,4.07,65.58,73.36,6745.6,28.16,262.83,2150450.0,9500.0,21.1,243.84,5035000.0,35.09,0.76,0.85,2.09,66.17,120.6,51.35,3.63,65.71,99.1,43.68,177.35,71.42
India,2021,2.82,2198.7,4.85,1422.78,0.96,33.6,69.54,74.61,0.89,76.44,3.25,45.09,41.16,1567.5,11.83,72.7,1462772.0,2356.8,24.05,245.0,5734800.0,22.54,0.63,0.68,22.34,11.29,27.22,59.34,7.69,50.15,244.0,38.44,142.52,63.69
Australia,2021,1.32,50827.0,1.56,25.52,1.27,83.42,86.57,5070.0,3.57,97.22,4.84,89.27,88.41,303.6,23.14,28.71,58464.0,403.85,16.08,598.2,849990.0,17.02,0.99,1.0,9.45,9.33,61.08,50.56,4.77,67.78,863.1,76.69,25.38,96.51
USA,2022,20.38,66105.0,2.27,325.04,0.62,82.58,76.73,10824.0,2.72,99.99,5.11,86.33,85.17,4183.2,17.17,721.75,1400000.0,5140.8,33.76,13574.2,6289800.0,11.46,0.96,0.99,10.95,76.16,224.18,43.12,3.8,64.7,306.3,69.83,46.66,69.48
Russia,2022,1.56,10857.0,3.1,142.25,0.1,77.55,71.87,544.95,4.05,96.23,4.27,87.95,79.42,1066.8,19.15,60.28,1026000.0,1619.2,49.78,1144.8,1507500.0,24.5,0.83,0.7,13.03,25.93,35.31,13.14,4.6,59.16,516.5,29.01,157.05,61.88
Canada,2022,1.75,45678.0,1.81,36.93,0.94,83.92,85.26,5418.0,2.82,103.75,5.81,93.93,81.59,552.75,64.52,22.87,69592.5,548.64,39.06,519.5,1009000.0,17.19,0.97,0.99,9.39,21.1,29.4,6.89,5.66,64.16,792.8,73.7,15.28,59.7
China,2022,13.92,9540.0,2.29,1398.0,0.29,62.82,75.93,451.8,1.84,99.04,4.18,64.03,68.46,6568.8,30.19,269.87,2066400.0,10290.0,22.22,250.56,4930000.0,32.98,0.75,0.84,2.04,64.55,118.68,54.22,3.54,63.0,101.7,43.97,174.34,73.94
India,2022,2.76,2037.0,4.61,1400.7,1.04,35.88,66.97,71.98,0.88,72.0,3.03,45.27,39.16,1455.0,12.05,71.92,1508980.0,2368.8,23.74,246.5,5634500.0,23.74,0.66,0.7,21.31,10.59,27.83,58.56,7.52,51.4,248.5,39.92,136.64,67.58
Australia,2022,1.29,52205.0,1.49,26.25,1.35,85.14,81.23,5324.8,3.28,100.29,4.97,88.72,82.73,310.5,22.84,27.2,60494.0,396.88,16.43,581.4,848250.0,16.44,0.96,1.0,9.7,9.33,59.7,54.01,4.92,67.58,940.5,78.92,23.9,93.56
USA,2023,21.17,63245.0,2.2,346.56,0.59,80.01,80.68,10890.0,2.48,102.27,4.97,88.73,86.36,4250.4,16.3,754.69,1342600.0,4977.6,32.37,12984.6,6672600.0,12.05,0.9,1.0,10.17,82.24,215.6,43.21,3.55,62.12,287.7,65.62,45.41,68.21
Russia,2023,1.64,10978.0,3.2,138.04,0.1,71.56,73.47,539.7,4.14,95.24,4.41,80.14,74.25,1002.75,18.26,63.92,1049000.0,1593.6,49.98,1184.4,1432500.0,25.75,0.86,0.72,12.36,24.55,35.28,12.54,4.69,58.62,477.5,31.02,150.15,65.33
Canada,2023,1.73,44804.0,1.88,35.59,0.93,83.11,79.17,5139.75,2.78,95.53,5.64,93.37,86.9,565.4,68.47,23.05,66015.0,565.92,37.7,480.5,1011000.0,18.79,0.92,0.98,9.24,21.32,29.13,6.96,5.44,64.61,800.8,72.37,15.52,62.28
China,2023,13.72,9870.0,2.29,1407.79,0.29,61.86,73.1,430.2,1.81,97.78,3.93,62.4,70.35,6609.6,28.54,248.73,2111500.0,10170.0,20.94,230.88,5195000.0,35.16,0.79,0.81,1.92,64.67,116.76,56.54,3.58,65.77,95.3,43.22,184.26,71.14
India,2023,2.79,2070.6,4.7,1411.74,1.03,34.05,70.09,76.07,0.93,74.67,3.16,45.18,39.98,1531.5,12.06,71.28,1428116.0,2383.2,22.82,261.25,5699400.0,21.9,0.64,0.67,21.94,10.74,28.0,57.36,7.16,48.25,240.75,41.36,133.28,66.2
Australia,2023,1.27,51304.0,1.54,24.38,1.36,84.37,83.4,5434.0,3.53,94.35,4.94,86.81,87.2,307.5,23.0,26.4,58812.0,396.47,16.53,591.6,834330.0,16.51,0.95,0.94,9.99,9.77,58.26,53.8,4.75,69.23,910.8,75.92,25.88,94.39
