City,Country,Population_2023,Growth_Rate (%),Population_2024
Los Angeles,USA,26836512,1.3085739899160889,27187687
Shanghai,China,11673774,1.5689449621574494,11856929
Cairo,Egypt,22201723,4.871277923187378,23283230
Mumbai,India,11440139,1.314396287192704,11590507
Los Angeles,USA,3792427,4.344732920163106,3957197
Sydney,Australia,12309411,2.7152503540161566,12643642
London,UK,21134895,1.6125398348142967,21475703
Los Angeles,USA,6748035,4.4183745557263014,7046188
Cairo,Egypt,5390020,2.5038736475119947,5524979
Mumbai,India,3681719,2.8166780926836057,3785421
Shanghai,China,18667911,2.1165501622989455,19063026
Cairo,Egypt,13583038,3.1682788314571733,14013386
Cairo,Egypt,18615977,1.2358574266326023,18846043
London,UK,25144880,2.259866914932923,25713120
Sao Paulo,Brazil,26666139,4.862355450508794,27962741
Mumbai,India,23130041,1.6616004471550738,23514369
Tokyo,Japan,28580296,3.4553149904358147,29567835
Cairo,Egypt,10688053,1.963355289011127,10897897
Sao Paulo,Brazil,9887324,3.980629065589703,10280901
Tokyo,Japan,12529677,1.088931473232574,12666116
Mumbai,India,21098343,4.864194702853451,22124607
New York,USA,20336488,2.5420529362263764,20853452
Sydney,Australia,16863509,1.5622270850590878,17126955
Sao Paulo,Brazil,20053322,0.8307353629850569,20219912
Moscow,Russia,24737750,1.2639105728939333,25050413
New York,USA,25151808,2.8389827685020794,25865863
Sydney,Australia,17591661,2.016514293940788,17946399
London,UK,7575716,4.229975146471743,7896166
Los Angeles,USA,3002324,2.4389938564781266,3075550
Shanghai,China,7262105,1.6192142266443346,7379694
Moscow,Russia,13715629,3.2771524397181353,14165111
London,UK,29490147,3.680497475984506,30575531
Mumbai,India,7671318,1.2516885855542743,7767339
London,UK,18271808,1.2542864732974295,18500988
Los Angeles,USA,12634494,0.6650214212009433,12718516
Mumbai,India,14799990,3.813809067795382,15364433
Moscow,Russia,4578226,3.4871203742981227,4737874
Los Angeles,USA,23926247,2.6358389408741623,24556904
Tokyo,Japan,28195278,4.298767020361387,29407327
Shanghai,China,3427540,4.1255156882752395,3568943
Moscow,Russia,19492846,3.134094639785385,20103770
Tokyo,Japan,1318408,4.407220762309664,1376513
Sydney,Australia,9856884,1.4262854451654572,9997471
Moscow,Russia,11543305,1.0036382872897756,11659158
Sydney,Australia,26677235,1.7138732518264532,27134448
Mumbai,India,29088632,0.7568908524019169,29308801
Tokyo,Japan,20894388,2.890262876004644,21498290
Shanghai,China,10272985,4.7147256153273265,10757328
Los Angeles,USA,24081896,0.6770459330082934,24244941
Cairo,Egypt,22012258,1.0494946130451206,22243275
London,UK,2898739,2.534895627275459,2972219
New York,USA,27395160,4.702437578875572,28683400
Shanghai,China,18794649,1.9227024723953772,19156014
Tokyo,Japan,25881226,2.782556639097766,26601385
Cairo,Egypt,5661029,0.6870778657267644,5699924
Shanghai,China,12149697,1.1675444043293999,12291550
Tokyo,Japan,21455302,4.939835553314811,22515158
Sao Paulo,Brazil,14757649,4.843034133962205,15472366
Sao Paulo,Brazil,19358746,0.5222299142048432,19459843
Sydney,Australia,14427105,4.783153034404576,15117175
Shanghai,China,19864474,3.376039720169752,20535106
Sao Paulo,Brazil,5856447,4.4056323253400995,6114460
Tokyo,Japan,26146282,2.546329350352366,26812052
Sydney,Australia,7857658,2.820182128606626,8079258
Tokyo,Japan,28915002,2.699809611156141,29695652
Sydney,Australia,1996530,3.5008891589574693,2066426
Shanghai,China,26937077,1.128430646403408,27241043
Cairo,Egypt,20378839,0.6348811544270507,20508220
Los Angeles,USA,27544070,1.8856847371603591,28063464
Moscow,Russia,7231219,3.6710634323149103,7496681
Cairo,Egypt,21886213,1.4083405345532676,22194445
Mumbai,India,12292148,3.530445949962128,12726115
Tokyo,Japan,4364695,4.864604207482717,4577020
Mumbai,India,13966064,0.9225532210523828,14094908
Cairo,Egypt,11580030,3.526709532013068,11988424
Sydney,Australia,18822698,2.4968759868705703,19292677
Moscow,Russia,6786265,4.406640144698774,7085311
Moscow,Russia,23685851,1.2971740525132365,23993097
New York,USA,8487345,3.61681678501774,8794316
Moscow,Russia,27461126,4.271518803416496,28634133
Los Angeles,USA,1570451,4.750763987633104,1645059
Moscow,Russia,26185640,3.5746161273034063,27121676
Cairo,Egypt,1967344,2.737286438037923,2021195
New York,USA,12243667,3.2803125809054623,12645297
Cairo,Egypt,3412149,4.410072430154232,3562627
Cairo,Egypt,6398869,3.0677438598747337,6595169
London,UK,17405566,0.6367417686357659,17516394
New York,USA,21129468,4.6892691297814,22120285
Cairo,Egypt,21510055,3.602870379642025,22285034
London,UK,10427504,3.5443102359976093,10797087
London,UK,12686214,1.4705381857897273,12872769
New York,USA,8022336,3.4649846160469573,8300308
Mumbai,India,23546143,2.272389825443713,24081203
Sydney,Australia,20655820,3.4305483966867145,21364427
Los Angeles,USA,29746717,0.9796686363859582,30038136
Sydney,Australia,22105074,3.460303870713662,22869976
Moscow,Russia,13485559,4.997361765968,14159481
Los Angeles,USA,25210749,0.7169541748725021,25391498
Moscow,Russia,9652831,4.897283828995928,10125557
Cairo,Egypt,14691164,2.3310858232529177,15033627
Tokyo,Japan,23761900,4.418390526517666,24811793
New York,USA,12707868,4.02073467826223,13218817
Los Angeles,USA,15246173,3.051573174440005,15711421
Los Angeles,USA,3694287,3.8230214416309694,3835520
Cairo,Egypt,11055079,4.4533200258560655,11547397
Mumbai,India,7511634,2.3186314474296483,7685801
London,UK,14781009,1.971649227034574,15072438
Cairo,Egypt,22398272,3.5041702350361312,23183145
Sao Paulo,Brazil,9976973,4.135306738735664,10389551
London,UK,14407602,3.930283106494771,14973861
New York,USA,1703662,4.090161419863855,1773344
London,UK,19082801,2.4601249166581987,19552261
Mumbai,India,5092097,4.180253972787597,5304959
London,UK,14769205,1.040940749167738,14922943
New York,USA,15013403,2.950200940823823,15456328
Mumbai,India,20436656,0.5259139722415471,20544135
Sydney,Australia,10988209,1.9606362345512163,11203647
Los Angeles,USA,21720861,2.1490769069212905,22187659
Los Angeles,USA,22272229,2.282777112241649,22780654
Moscow,Russia,7094467,3.62960243010438,7351967
Sydney,Australia,10623424,2.2485114557165558,10862292
Sydney,Australia,27791175,2.519121301801388,28491268
London,UK,11353564,1.5689485889344736,11531695
Los Angeles,USA,23294582,2.17963306233203,23802318
New York,USA,4448678,1.5227133226841816,4516418
Shanghai,China,14942402,0.8293816569579964,15066331
Shanghai,China,27293023,3.2155186702162006,28170635
Mumbai,India,29676873,3.506957593497573,30717628
Los Angeles,USA,22988809,3.2877065570432653,23744613
Los Angeles,USA,15493549,2.585723197102576,15894169
Shanghai,China,14490337,2.209036010806534,14810433
Los Angeles,USA,11669435,4.385001423073214,12181139
London,UK,17642016,2.8358680331129813,18142320
Sao Paulo,Brazil,9370262,2.6563184493337895,9619165
Tokyo,Japan,11174518,0.6153892961289607,11243284
Sydney,Australia,17541471,2.0356152243177035,17898547
Moscow,Russia,22623985,2.2108802845363567,23124174
Mumbai,India,12484508,2.294702514036052,12770990
Sao Paulo,Brazil,8449607,3.1107756615229953,8712455
Shanghai,China,16713088,2.901211460270953,17197970
Sydney,Australia,21820280,3.235572917570501,22526291
Los Angeles,USA,14839094,3.9419746769395774,15424047
Moscow,Russia,17701250,4.158435824222421,18437345
Los Angeles,USA,20380183,3.731553843019225,21140680
New York,USA,4438550,4.799856631797206,4651594
New York,USA,1076218,0.5820466220436273,1082482
Moscow,Russia,24656190,1.3810009355759574,24996692
Moscow,Russia,18547260,0.5340329374016395,18646308
Shanghai,China,6579079,3.4136362136957135,6803664
Moscow,Russia,11935349,4.541137470274941,12477349
London,UK,15318328,1.5956703345933467,15562758
Los Angeles,USA,14061358,4.67165545158338,14718256
Sao Paulo,Brazil,29645954,0.7712032563030238,29874584
Cairo,Egypt,20962930,4.704962120624814,21949227
Moscow,Russia,19505312,2.082302092578355,19911471
Mumbai,India,9736347,0.9563937280214743,9829464
New York,USA,17354286,2.6864229163384654,17820495
London,UK,9860935,1.6554945547422857,10024182
Sydney,Australia,25444321,1.7819280588286528,25897720
Cairo,Egypt,3694946,1.8828048421682895,3764514
Sao Paulo,Brazil,5229215,4.113616540246985,5444324
Cairo,Egypt,19699351,2.926225745038645,20275798
Moscow,Russia,16105101,1.9008846462020164,16411240
Shanghai,China,8021855,3.2465020248991325,8282284
New York,USA,18755255,3.722678034004371,19453452
New York,USA,10288493,1.726808003300902,10466155
Sydney,Australia,9997354,2.3609709568640818,10233388
Shanghai,China,8352207,1.048487420016264,8439778
Los Angeles,USA,29168643,1.3151720729060614,29552260
Tokyo,Japan,18277092,3.5650303428424226,18928675
London,UK,2962165,1.3164725646303213,3001161
New York,USA,8985620,2.8632352265017706,9242899
Mumbai,India,1611213,3.690708177750947,1670678
New York,USA,18545950,0.9809461539263473,18727875
Cairo,Egypt,16794998,3.052904988330066,17307733
New York,USA,25527791,1.654532526656137,25950156
New York,USA,5241361,4.8331709385691095,5494684
Tokyo,Japan,23288390,2.6759554102396614,23911576
Tokyo,Japan,2839433,4.126966473988212,2956615
Sao Paulo,Brazil,7569632,2.976019439703178,7794905
Los Angeles,USA,21449430,0.6953563978466862,21598579
Mumbai,India,19803796,3.3491811901731006,20467061
New York,USA,14291666,4.781315039929956,14974995
New York,USA,25006255,3.2072531906584905,25808268
London,UK,8507324,4.186349867420556,8863470
Tokyo,Japan,7202258,4.4789290850678345,7524842
Mumbai,India,22116451,1.5263589737701961,22454027
Sydney,Australia,10880860,1.45420177958702,11039089
Sao Paulo,Brazil,4526737,3.249414449829463,4673829
Los Angeles,USA,9790529,2.349628114130171,10020570
Shanghai,China,19786176,4.279375862900242,20632900
Los Angeles,USA,22232430,4.55010405529105,23244028
Cairo,Egypt,26253779,2.0903962068622315,26802587
New York,USA,7918889,1.5659175153851692,8042892
Sao Paulo,Brazil,21593662,4.012364818597378,22460078
Cairo,Egypt,21153729,1.7366271599666123,21521090
Mumbai,India,16823554,4.201764433311553,17530440
Shanghai,China,19715094,2.4068221414194326,20189601
Tokyo,Japan,13790902,3.5039745468116172,14274131
Sao Paulo,Brazil,11473867,0.9299089122560068,11580563
Sao Paulo,Brazil,11864147,3.3073669610445786,12256537
New York,USA,7193956,2.532954554317531,7376175
Moscow,Russia,14579173,3.1397380842896334,15036920
Sao Paulo,Brazil,2705215,1.2560639348518854,2739194
London,UK,23214365,3.8159318522488195,24100209
Shanghai,China,15529416,4.382586848944529,16210006
Shanghai,China,28655393,1.4753291004084903,29078154
London,UK,8271476,0.9307154998407278,8348459
Sydney,Australia,24206827,0.6063736372085138,24353610
London,UK,4266402,3.388871751994697,4410984
London,UK,14489651,3.2319231623995135,14957945
Shanghai,China,25899065,2.960138357213315,26665713
Los Angeles,USA,25882005,1.5437619325218894,26281561
Shanghai,China,28149675,2.259076981574816,28785597
Moscow,Russia,21886096,3.175143508337779,22581010
New York,USA,6499593,2.7354508648662623,6677386
Cairo,Egypt,15072989,4.945034840966993,15818353
Los Angeles,USA,14126263,1.113978886505299,14283626
Tokyo,Japan,5261946,3.628150493214172,5452857
Cairo,Egypt,17867309,2.3194344564693146,18281729
New York,USA,10944790,2.4268982671652664,11210408
Moscow,Russia,13800127,3.729189945461793,14314759
Moscow,Russia,11392287,3.6159626809596634,11804227
Tokyo,Japan,15338768,4.960651971659847,16099670
Los Angeles,USA,2732465,1.0777743025435635,2761914
Sydney,Australia,20950800,0.9684934222287485,21153707
London,UK,14109773,3.759524677079335,14640233
Los Angeles,USA,12045415,3.1027411265288407,12419153
Sydney,Australia,16175617,1.7337229995191263,16456057
Moscow,Russia,3859244,0.8573871604504397,3892332
Shanghai,China,18663256,0.8854621231839375,18828512
New York,USA,1322918,4.523858935988533,1382764
Tokyo,Japan,29104437,1.363402961234343,29501247
New York,USA,20023125,1.9551720295198434,20414611
Mumbai,India,1116739,1.519953810021446,1133712
Mumbai,India,10675193,2.097483376243718,10899103
Los Angeles,USA,10168924,0.8124072923574202,10251537
Moscow,Russia,16985249,2.835769059087217,17466911
Moscow,Russia,29700374,0.8042565361649671,29939241
London,UK,16016740,4.101604285200628,16673683
London,UK,12878474,1.5517043685969485,13078309
London,UK,10755461,2.930053615720298,11070601
Shanghai,China,2014929,4.460355894026562,2104802
Cairo,Egypt,27732671,3.4289481607123737,28683609
Sao Paulo,Brazil,3420564,2.898310039481009,3519702
Cairo,Egypt,11971177,1.9595018890191902,12205752
New York,USA,27645859,1.9985086087618906,28198363
Cairo,Egypt,26354280,3.5126912983918555,27280024
Shanghai,China,3653093,4.973627125495254,3834784
New York,USA,21080673,3.4782763543222037,21813917
Cairo,Egypt,13811416,3.0100253781651123,14227143
Shanghai,China,23666213,3.7879272960766075,24562671
Sao Paulo,Brazil,7944121,2.5934252552767316,8150145
Cairo,Egypt,7238795,0.7706405417035335,7294580
Shanghai,China,15157398,3.0303356714505942,15616718
London,UK,22544564,4.809313780274211,23628802
Moscow,Russia,14672297,1.2888632406094684,14861402
London,UK,18493972,3.6050220086929956,19160683
Moscow,Russia,26217050,1.4042015989657541,26585190
Tokyo,Japan,7790968,2.9112245801288656,8017780
Tokyo,Japan,4751198,0.9350440234102383,4795623
Tokyo,Japan,29787333,2.526669213161833,30539960
Sao Paulo,Brazil,25146650,3.9027349800286073,26128057
London,UK,16732903,2.0640718590754195,17078282
Moscow,Russia,4138145,3.492102760192481,4282653
Shanghai,China,2226476,4.079524823553781,2317305
New York,USA,5184056,4.672300187657537,5426270
Shanghai,China,9960820,1.555889368349541,10115799
New York,USA,16016390,2.2969216211418866,16384273
Mumbai,India,13807049,1.1858720599868784,13970782
Shanghai,China,2500844,4.966175759712688,2625040
Cairo,Egypt,10317776,4.671504355659329,10799771
Cairo,Egypt,21220825,2.9298070862625183,21842554
Los Angeles,USA,26529300,4.2891498246938955,27667181
London,UK,2400283,2.8443108977241898,2468554
New York,USA,23704829,3.306135596012419,24488542
New York,USA,15142073,0.9010599445220748,15278512
London,UK,1691757,3.898716892235636,1757713
Sao Paulo,Brazil,1390719,1.0747106763585568,1405665
Los Angeles,USA,10916545,4.217304336136378,11376928
Sao Paulo,Brazil,10538555,4.019126394516737,10962112
Sao Paulo,Brazil,24631669,3.689351139843394,25540417
Sao Paulo,Brazil,16713642,0.6627217123614295,16824406
London,UK,21115136,1.8640776017539786,21508738
Sao Paulo,Brazil,21073266,1.684006564598793,21428141
Cairo,Egypt,19895540,2.120613833621836,20317447
Tokyo,Japan,7827299,0.8943923604372734,7897305
Mumbai,India,24025010,4.716310203639782,25158103
New York,USA,14579033,2.9921100832056933,15015253
New York,USA,25694812,1.874859397961106,26176553
Mumbai,India,28844756,2.2864168268342753,29504267
London,UK,5902666,2.5124114322717603,6050965
Shanghai,China,18653247,3.202674500122778,19250649
London,UK,7232739,2.8205574246342398,7436742
New York,USA,2270896,4.637263879464878,2376203
New York,USA,12952314,2.736335673076236,13306732
Mumbai,India,2059622,4.964711066704907,2161876
Sao Paulo,Brazil,5422375,4.331412309852931,5657240
London,UK,17770274,1.4382973146080111,18025863
Moscow,Russia,18155381,4.687678465897623,19006446
Mumbai,India,26874486,1.0236487904846423,27149586
Cairo,Egypt,5131479,4.178523688210362,5345899
New York,USA,10400725,2.2128048206446103,10630872
Mumbai,India,26811012,4.450884442002813,28004339
London,UK,18192224,4.406255105483527,18993819
New York,USA,19409209,4.126664300529296,20210161
Shanghai,China,4351278,4.055136963381776,4527728
Mumbai,India,20119251,1.8710561259411835,20495693
Los Angeles,USA,25755666,0.8641367737306348,25978230
New York,USA,6703394,2.3134108044432264,6858471
London,UK,25018163,1.280860317439289,25338610
Tokyo,Japan,20545578,3.627279900061078,21290823
Moscow,Russia,12415376,2.057448769420035,12670816
Sydney,Australia,18947581,4.890245903869617,19874164
Sao Paulo,Brazil,10068026,3.384374348053994,10408765
Sydney,Australia,14283692,4.201162536354625,14883773
London,UK,27777578,1.096361027338318,28082120
Cairo,Egypt,27280417,4.379065170226801,28475044
Cairo,Egypt,27392776,4.652407357310275,28667199
Tokyo,Japan,23708377,2.6917786346852117,24346554
Sao Paulo,Brazil,24567809,3.2281382198793986,25360891
Los Angeles,USA,22628404,3.9416441040634793,23520335
Tokyo,Japan,3721864,1.2867738226718566,3769755
Sydney,Australia,21724424,2.761547344085491,22324354
Tokyo,Japan,7984720,2.293983624975409,8167888
Sydney,Australia,29104320,1.158682964730121,29441546
New York,USA,15189784,2.1539049003118915,15516957
Cairo,Egypt,8733308,0.8067753922347211,8803766
New York,USA,4875754,0.6161535812726915,4905796
Moscow,Russia,20482215,1.1082483011967024,20709208
Sao Paulo,Brazil,23075433,4.834018002151282,24190903
Los Angeles,USA,29160024,2.9728829115275763,30026917
Sydney,Australia,19101286,4.84619972518949,20026972
Los Angeles,USA,25141602,2.446240452485594,25756626
Sydney,Australia,29356738,1.903172598883668,29915447
London,UK,11912996,2.7776383827810984,12243895
Tokyo,Japan,11047595,2.4778025988480956,11321332
Moscow,Russia,29003805,0.9754910791778476,29286734
Cairo,Egypt,23564965,3.383718416105928,24362337
Sydney,Australia,19439009,1.4721718212931982,19725184
Los Angeles,USA,7576651,3.288145797040233,7825782
Moscow,Russia,7867218,3.42590491579169,8136741
Shanghai,China,10004644,1.1841118390789165,10123110
Shanghai,China,25243243,0.7760733219980067,25439149
New York,USA,12780026,4.013427137307979,13292943
Cairo,Egypt,14963258,2.569101906961941,15347679
London,UK,5987696,0.761737079774641,6033306
Los Angeles,USA,18206204,4.9768984272639525,19112308
Tokyo,Japan,5084752,0.7600125244836499,5123396
Tokyo,Japan,22152073,3.6276585298634894,22955674
Los Angeles,USA,14143608,4.926555163685361,14840400
Sao Paulo,Brazil,3977590,1.5763104689716654,4040289
London,UK,25376816,1.1401221590923827,25666142
Moscow,Russia,24387950,1.04623222740093,24643104
Sydney,Australia,4297291,1.86473816405418,4377424
Sao Paulo,Brazil,13191037,0.9547061495479101,13316972
Sydney,Australia,22671503,3.6147260376235937,23491015
Sydney,Australia,25731863,0.7803130915852821,25932652
Sao Paulo,Brazil,3490706,2.792399576674054,3588180
New York,USA,25319751,4.985135842338396,26581974
Shanghai,China,27357726,4.162866212777084,28496591
Sydney,Australia,9047252,3.268487472039549,9342960
Sao Paulo,Brazil,6254224,1.8781412935397526,6371687
Sao Paulo,Brazil,11880726,3.3075312633123732,12273684
Mumbai,India,23992356,2.8716865876024324,24681341
New York,USA,21515189,2.4173752275066716,22035291
Cairo,Egypt,19979791,1.0881966953308977,20197210
Mumbai,India,24388869,4.4897189685821,25483860
Mumbai,India,18241287,2.524030919695951,18701702
Los Angeles,USA,22158353,1.3758013031934428,22463207
Shanghai,China,22689432,2.154917078947803,23178370
Sao Paulo,Brazil,26941259,2.3635838863801717,27578038
Shanghai,China,11563214,4.223920530050934,12051634
London,UK,25374842,3.8012647125263093,26339406
Los Angeles,USA,15143385,3.961872021386029,15743346
Cairo,Egypt,21275688,0.5496406899289125,21392627
Shanghai,China,29172140,2.372692991808927,29864305
Tokyo,Japan,26146905,2.6660486823589564,26843994
Sydney,Australia,2564718,0.5863652457037551,2579756
London,UK,22916959,1.6691594393526539,23299479
New York,USA,11523401,3.9213042040496076,11975268
Cairo,Egypt,10991183,1.1169936757804957,11113953
London,UK,15488262,2.9088955915366626,15938799
Sydney,Australia,4813270,1.4684084240775688,4883948
Los Angeles,USA,5806425,0.5545434858975198,5838624
Sydney,Australia,24387092,1.5854065591979367,24773726
Mumbai,India,20156053,4.891431897095242,21141972
Sydney,Australia,7123769,4.106917003473454,7416336
Mumbai,India,2524102,4.818094899444651,2645715
Los Angeles,USA,12579149,2.695343197668631,12918200
Moscow,Russia,15324046,0.9938128940487658,15476338
Mumbai,India,10052788,2.9658177003816184,10350935
New York,USA,20160582,2.544698005519824,20673607
Sydney,Australia,3035848,4.299606872328272,3166377
Sydney,Australia,22900146,0.9413716135291006,23115721
New York,USA,11828463,2.697085116598002,12147486
Tokyo,Japan,26370439,1.1752189911229292,26680349
Sao Paulo,Brazil,10913841,1.9610416710052698,11127865
Moscow,Russia,27969564,3.8181068482450984,29037471
Cairo,Egypt,24468625,2.642081582159449,25115106
Mumbai,India,13356830,2.191497283155962,13649544
New York,USA,12457501,2.275143253565159,12740926
Los Angeles,USA,1838003,2.56751045782694,1885193
Mumbai,India,4433382,4.0325744472667555,4612161
Sao Paulo,Brazil,9670178,4.514381100231055,10106726
Los Angeles,USA,29348817,4.799006089267677,30757268
London,UK,4395049,4.041065238148828,4572655
Sydney,Australia,17843366,1.9193310308660574,18185839
London,UK,25728848,3.5966061773894396,26654213
Mumbai,India,8429645,2.4692140582492637,8637790
Sao Paulo,Brazil,11822814,1.6460177992072302,12017419
Moscow,Russia,23858903,4.283922107416652,24880999
Mumbai,India,15801890,0.6729185703304625,15908223
New York,USA,26725547,4.557928964609406,27943678
Shanghai,China,15514363,2.5766485908113035,15914113
Mumbai,India,20324716,3.3674066456372618,21009131
Sydney,Australia,29521569,3.4670926499260224,30545109
Sydney,Australia,10388162,4.5280298331794135,10858541
Mumbai,India,5193060,3.365013569752433,5367807
Los Angeles,USA,17911271,3.262701131420278,18495662
Shanghai,China,16170521,0.7999341825231048,16299874
New York,USA,26841846,2.8328360987534182,27602231
Mumbai,India,26975766,1.1757605036766874,27292936
Los Angeles,USA,13267883,3.8184519592466852,13774510
Sydney,Australia,10084966,2.804998643657035,10367849
Sydney,Australia,12984398,3.56102500643759,13446775
Sao Paulo,Brazil,2841648,0.6875280527107293,2861185
Mumbai,India,8132508,0.8815640722061144,8204201
Shanghai,China,24215061,3.7234552462820703,25116697
Tokyo,Japan,27854296,0.8243795119940301,28083921
Shanghai,China,15949772,0.8206552749436637,16080664
Sydney,Australia,4828433,0.5544881385569935,4855206
Sydney,Australia,20512480,4.80425629234766,21497952
London,UK,14594639,3.818787617565531,15151977
Sydney,Australia,22225964,2.089631338259289,22690404
New York,USA,28866537,1.8344101157944486,29396067
Cairo,Egypt,8152747,2.073664533856323,8321807
Mumbai,India,28474813,3.985940890315318,29609802
Shanghai,China,15790081,3.476167749816865,16338970
Cairo,Egypt,5137270,1.3333800554036057,5205769
Los Angeles,USA,5317922,1.2834920090033797,5386177
Tokyo,Japan,13504233,0.9427804237102879,13631548
New York,USA,26625121,3.4713622386560217,27549375
Shanghai,China,25242589,3.9396769799978117,26237065
Cairo,Egypt,2020154,1.692708927462518,2054349
Tokyo,Japan,25848140,0.5942523246391076,26001743
London,UK,24620748,0.869772503643923,24834892
New York,USA,5945169,4.855370156802637,6233828
New York,USA,7733215,1.829501498648391,7874694
London,UK,13465759,3.9615041652716014,13999205
Mumbai,India,9195810,3.310986059844187,9500281
London,UK,25681510,2.2187283784380316,26251312
New York,USA,8185197,1.425592679879998,8301884
New York,USA,25948764,1.046238881717329,26220250
Cairo,Egypt,7714301,3.2675583561749,7966370
Sydney,Australia,12192304,3.985852012870046,12678271
Tokyo,Japan,16004124,3.397569140935088,16547875
London,UK,28259197,2.8863595996212124,29074859
Tokyo,Japan,15229748,0.6887805054423632,15334647
London,UK,14824747,4.858199499174727,15544962
Los Angeles,USA,11760888,4.094213862445585,12242403
New York,USA,12305231,1.8176991651543413,12528903
Sydney,Australia,28872695,4.909866482114828,30290305
Cairo,Egypt,27035947,3.2084671533634497,27903386
Sydney,Australia,12374857,3.120901961932609,12761064
Sydney,Australia,25746909,3.8663293074328946,26742369
Sydney,Australia,16909784,4.152964046405619,17612041
Tokyo,Japan,2859582,3.4541537329917618,2958356
London,UK,14775236,1.0764308586479001,14934281
Moscow,Russia,25521280,2.0222037769752426,26037372
Los Angeles,USA,19907101,4.6763763814672235,20838031
Shanghai,China,15372528,1.5107702532973337,15604771
Sydney,Australia,5720642,2.17475160726881,5845051
Mumbai,India,28372972,2.4443459732488817,29066505
Tokyo,Japan,14141133,2.477322453625035,14491454
Cairo,Egypt,1549239,3.2582281212253648,1599716
Shanghai,China,26722525,4.743841269851184,27990199
Moscow,Russia,6408753,1.5831172032462724,6510211
Mumbai,India,20824785,1.0467561933541312,21042769
Moscow,Russia,14619492,1.388617204369718,14822500
Shanghai,China,14016728,4.491162050941712,14646241
Sydney,Australia,17441775,3.406148656948427,18035867
Mumbai,India,10659072,1.7865805515762205,10849504
Moscow,Russia,18562548,4.171761225358777,19336933
Cairo,Egypt,15376941,4.376164983635462,16049861
London,UK,26933774,4.309314524106251,28094435
New York,USA,26332296,4.635169401377995,27552842
London,UK,1397710,1.635084590780127,1420563
Shanghai,China,7503216,3.8976886793582524,7795668
Tokyo,Japan,5317048,2.57242773773363,5453825
New York,USA,15133434,4.288993488005277,15782505
Los Angeles,USA,20965945,3.7782080472272592,21758082
Cairo,Egypt,5785956,3.9940135092487608,6017047
Los Angeles,USA,22882940,3.4527282695648216,23673025
Mumbai,India,6025764,1.298429462613681,6104004
New York,USA,15918570,2.9526211350362224,16388585
Los Angeles,USA,12238779,4.931013827860287,12842274
Los Angeles,USA,16110853,4.718246299237035,16871002
Moscow,Russia,25773414,0.6942818110865525,25952354
London,UK,18687991,1.241666670782467,18920033
Moscow,Russia,6954878,1.0927794805455286,7030879
New York,USA,28762698,3.76690959493383,29846162
New York,USA,23705213,4.180033984356253,24696098
Shanghai,China,18336140,1.4608011483980237,18603994
Moscow,Russia,21658401,2.7763371182832306,22259711
Sao Paulo,Brazil,13762264,4.2831636260504,14351724
London,UK,6004998,3.7976069514481274,6233044
New York,USA,11679043,2.9400674247133174,12022414
Shanghai,China,22943866,3.156564607064478,23668103
Moscow,Russia,14497927,2.78762246112326,14902074
London,UK,23470291,1.8389680309346925,23901902
Moscow,Russia,9109916,3.0425989678655725,9387094
Los Angeles,USA,6193278,3.599983859225408,6416235
Shanghai,China,18208629,4.429953121373634,19015262
London,UK,27518388,3.363311092906616,28443916
Sydney,Australia,11812658,3.925046916694211,12276310
Mumbai,India,21942316,1.2203223572955784,22210082
Mumbai,India,14534573,2.5770086348890544,14909130
London,UK,18640777,0.5419922892219198,18741808
Moscow,Russia,1302186,1.6100548903473035,1323151
Shanghai,China,20984609,3.7690777180085218,21775535
Mumbai,India,6489464,4.963144781072136,6811545
Shanghai,China,8456985,0.9463014481424716,8537013
Mumbai,India,24544744,2.3067244213757974,25110923
Los Angeles,USA,29994288,4.1003193591462175,31224149
Moscow,Russia,18803769,1.4181603558300448,19070436
Los Angeles,USA,27401026,2.997882271860288,28222476
Mumbai,India,26311095,3.7988208321335364,27310606
Sydney,Australia,28381509,3.2719345261708055,29310133
Sydney,Australia,17727556,1.3461113057693725,17966188
Los Angeles,USA,14551364,2.0992305590858273,14856830
Sydney,Australia,21521013,4.027063030184287,22387677
Mumbai,India,2514542,2.994019313594075,2589827
London,UK,24134934,0.5235332609431074,24261288
Los Angeles,USA,5180656,3.924458420126422,5383968
Tokyo,Japan,12318792,0.6589010972310758,12399960
Moscow,Russia,26242722,3.8558020222905447,27254589
Sydney,Australia,16135763,1.4111625207435683,16363464
Sydney,Australia,12683705,4.811330660537211,13293959
New York,USA,7846192,2.15573338085938,8015334
Sao Paulo,Brazil,9676924,1.971192273521356,9867674
Los Angeles,USA,11397562,1.169996226496001,11530913
Cairo,Egypt,25124905,1.875218969705967,25596051
Sydney,Australia,2829553,4.444928428226902,2955324
Moscow,Russia,4041341,4.983504519322613,4242741
Tokyo,Japan,18816720,2.1573928872808175,19222670
Sydney,Australia,24443671,2.5187478392954414,25059345
Tokyo,Japan,15315679,3.749319221912317,15889912
Mumbai,India,11493666,4.487881012092835,12009488
Mumbai,India,25440805,3.1686995038405286,26246947
Sao Paulo,Brazil,25695564,2.261865641800232,26276763
London,UK,22765239,2.356798283818807,23301769
Cairo,Egypt,25413052,3.630281659235631,26335617
New York,USA,25586222,0.5144821862192541,25717858
Sao Paulo,Brazil,16527000,3.288152018569283,17070432
Shanghai,China,19453059,2.099718546986108,19861518
New York,USA,9423309,4.073887990746879,9807204
Los Angeles,USA,4229028,0.9184578792040947,4267869
Moscow,Russia,24834209,3.1469102012677572,25615719
Shanghai,China,19498826,2.6643780044875567,20018348
Shanghai,China,11569320,3.3904648665735233,11961573
Sao Paulo,Brazil,3339767,0.7918411751733576,3366212
London,UK,20391451,3.1099270434265907,21025610
Sao Paulo,Brazil,1491036,3.026680645817857,1536164
Los Angeles,USA,26493128,3.0229704248727693,27294007
Sydney,Australia,23824130,3.2156944996840466,24590241
Sydney,Australia,11851224,3.54410571751863,12271243
London,UK,3710241,4.122450498563464,3863193
Los Angeles,USA,12822411,1.7141932405769644,13042211
London,UK,18920169,4.212722345810279,19717223
Tokyo,Japan,21738568,2.742150570185541,22334672
Sydney,Australia,4978702,0.8467622561044903,5020859
Shanghai,China,9168984,0.7634791815979064,9238987
Cairo,Egypt,18104132,2.0040724341322735,18466951
Moscow,Russia,4597706,4.032036397001604,4783087
Los Angeles,USA,5506554,3.684564206334121,5709446
New York,USA,1605409,4.04876734102583,1670408
London,UK,10462743,2.827710753987242,10758599
Moscow,Russia,12377787,2.4808954907997074,12684866
New York,USA,24626702,1.1635363701782777,24913242
Moscow,Russia,22827621,1.976867391241902,23278892
Cairo,Egypt,9337735,2.4530871477824387,9566797
New York,USA,2725690,0.8987019335582775,2750185
Sao Paulo,Brazil,21057988,1.4927537872004506,21372331
Mumbai,India,9197295,3.1920138232868247,9490873
Sao Paulo,Brazil,16840857,3.810484014076354,17482575
Sydney,Australia,6809041,4.992563801268274,7148986
Mumbai,India,13546501,4.69900999104601,14183052
Sao Paulo,Brazil,6087268,3.391543397908362,6293720
Mumbai,India,7155579,2.3956162398233243,7326999
Mumbai,India,1403119,3.362798141187047,1450303
Shanghai,China,16338444,4.035432281361044,16997770
London,UK,17556827,1.032512859155243,17738103
London,UK,25989636,2.344572003633297,26598981
Shanghai,China,13708903,4.279110285360277,14295522
Moscow,Russia,1402732,2.2272482836986978,1433974
Tokyo,Japan,18283295,3.0734252205223394,18845218
Moscow,Russia,2950013,3.144962123879892,3042789
New York,USA,28789660,1.3301431391013772,29172603
New York,USA,2132658,2.1300594874352976,2178084
Mumbai,India,19762425,2.005300799338695,20158721
Sao Paulo,Brazil,5322626,0.6178851883942915,5355513
Sao Paulo,Brazil,18434167,0.6088629375110985,18546405
London,UK,26177127,4.2426366965409805,27287727
Los Angeles,USA,27376033,1.728818644877656,27849314
Moscow,Russia,21256807,2.8313544480746695,21858662
Sydney,Australia,14881178,1.8442650811494787,15155626
Cairo,Egypt,22981132,4.733056603019032,24068841
Sao Paulo,Brazil,7026988,1.6668354148959819,7144116
Cairo,Egypt,16590661,2.433455657325208,16994387
Mumbai,India,25203479,4.427286127180708,26319309
Cairo,Egypt,3366610,4.288701050563139,3510993
Sydney,Australia,5180303,1.337456380308248,5249587
Shanghai,China,10456807,4.111894894080697,10886779
Sydney,Australia,14305947,2.561840990320517,14672442
Cairo,Egypt,5684346,2.6733599243840986,5836309
Sydney,Australia,1458298,1.100659875871747,1474348
Tokyo,Japan,18824559,0.8627068119070609,18986959
Mumbai,India,23496936,3.775726881381943,24384116
Moscow,Russia,26271052,2.734075185598849,26989322
Shanghai,China,5620650,2.465828161768308,5759245
Sao Paulo,Brazil,19532908,3.7827870289357852,20271796
New York,USA,10272664,3.944808045459994,10677900
Moscow,Russia,2730228,1.215086754512091,2763402
New York,USA,2946793,3.246013172649386,3042446
Mumbai,India,19346339,1.1090933702495849,19560907
Shanghai,China,7115518,3.8811878871307055,7391684
London,UK,16797914,3.456298203202128,17378499
Sao Paulo,Brazil,12667877,4.804765794875561,13276538
Tokyo,Japan,8393979,0.8103110736038953,8461996
London,UK,11115078,0.7567462451806444,11199190
Mumbai,India,29506244,1.7698418361194006,30028457
Moscow,Russia,26214698,1.677675576811577,26654495
Tokyo,Japan,2622572,1.6114045958239993,2664832
Sydney,Australia,20997497,4.578145612344665,21958792
Cairo,Egypt,20467000,1.6229578993227776,20799170
Tokyo,Japan,25952818,1.7237737675788396,26400185
Mumbai,India,18486878,3.9172921808808367,19211063
Los Angeles,USA,24640598,2.52382929102743,25262484
Cairo,Egypt,23098345,3.9951975062983154,24021169
New York,USA,17620937,0.7941477090397335,17760873
Sao Paulo,Brazil,9859060,2.694070371530229,10124670
New York,USA,6672605,0.6512612008247718,6716061
Tokyo,Japan,11528294,0.7819394155490953,11618438
New York,USA,20369886,4.578968540049849,21302616
Mumbai,India,5810833,1.1266041700291782,5876298
Sydney,Australia,24480675,2.895893070238477,25189609
Moscow,Russia,7417665,2.3499302117031795,7591974
Sao Paulo,Brazil,18219277,2.063044968164792,18595148
New York,USA,29500556,4.549250055592726,30842610
New York,USA,4761675,0.5982052854897028,4790159
Tokyo,Japan,28427110,3.4870535877901507,29418378
Moscow,Russia,25192961,4.835274953960977,26411109
London,UK,25859871,3.020756825578289,26641034
New York,USA,26654796,4.715701079148913,27911756
Mumbai,India,27289818,0.735160456787107,27490441
Los Angeles,USA,20858544,2.384569935833726,21355930
Sao Paulo,Brazil,23148328,1.6707100593292301,23535069
New York,USA,28783527,3.788694342413284,29874046
Mumbai,India,9551646,4.91583690723761,10021189
Mumbai,India,8281505,1.654385280999115,8418512
Sao Paulo,Brazil,6124795,3.443785706633335,6335719
London,UK,6411263,1.3914393474188307,6500471
Mumbai,India,4963735,3.0439861455722443,5114830
Los Angeles,USA,27540396,2.587696190097513,28253057
Mumbai,India,28521698,4.8740239833419166,29911852
Mumbai,India,15812143,3.2383727271340996,16324199
Mumbai,India,24270725,2.0727786743906846,24773803
Sydney,Australia,9989138,1.0134310319957,10090371
Sydney,Australia,14810077,1.1806107293072055,14984926
London,UK,13037574,1.5139261847805578,13234953
New York,USA,10466441,1.629349976031341,10636975
Mumbai,India,11966248,4.32777226028512,12484119
Moscow,Russia,9824031,3.025502547271362,10121257
New York,USA,18970145,2.855259101184649,19511791
London,UK,26489214,1.0164599234114786,26758466
Shanghai,China,7555035,4.370628620072457,7885237
New York,USA,11052829,3.7526643644381767,11467604
New York,USA,16886372,0.8045076285500071,17022224
Cairo,Egypt,5068316,3.685257937533959,5255096
Tokyo,Japan,9067987,2.9459219780419073,9335122
Cairo,Egypt,2656671,0.8677640558605022,2679724
Los Angeles,USA,23458851,2.562352886878954,24059949
Sydney,Australia,23922481,2.6811332920852116,24563874
Sydney,Australia,9527171,1.2459854307347409,9645878
Tokyo,Japan,18560282,4.75564166150127,19442942
Sao Paulo,Brazil,10943231,4.324889171662979,11416513
Sao Paulo,Brazil,22677072,3.5106005179809876,23473173
London,UK,24017995,2.5803300245027323,24637738
Tokyo,Japan,21833173,2.3529449371302884,22346895
New York,USA,24394704,3.4293806021792936,25231291
Sao Paulo,Brazil,18375113,2.9544434123310745,18917995
Mumbai,India,21718453,0.7802289764684853,21887906
Moscow,Russia,10161408,2.8062619194664924,10446563
New York,USA,14885461,4.128816277547777,15500054
Los Angeles,USA,17011737,2.566579449186311,17448356
Mumbai,India,19820215,0.7338045989942079,19965656
Mumbai,India,29688378,4.0382518972281485,30887269
Tokyo,Japan,4659985,1.4061370196118848,4725510
London,UK,19680113,1.6637937569961745,20007549
Los Angeles,USA,25796429,1.2411785904453314,26116608
Sao Paulo,Brazil,21353727,1.985967791921739,21777805
Tokyo,Japan,18941166,3.905381775598858,19680890
Sao Paulo,Brazil,1549148,2.837236367767718,1593100
Tokyo,Japan,3773707,1.4219657336782066,3827367
Tokyo,Japan,22845218,4.450235351684183,23861883
Tokyo,Japan,3773939,4.458118347281881,3942185
London,UK,2935740,4.417602912707031,3065429
Tokyo,Japan,4434955,1.5745829512169267,4504787
Shanghai,China,5936710,2.5305770488144463,6086943
Moscow,Russia,14426716,4.932453452633938,15138307
Sao Paulo,Brazil,28911050,3.974056143394957,30059991
New York,USA,6155872,0.6222533955150191,6194177
Cairo,Egypt,15163589,0.7934206606722143,15283900
Los Angeles,USA,20954542,2.5876911956554975,21496780
Sydney,Australia,19331726,4.591490926377021,20219340
London,UK,27996639,2.924158090787214,28815304
New York,USA,21540338,2.740156286154306,22130576
Mumbai,India,11774986,0.9746316498048376,11889748
Shanghai,China,16495737,3.4555104712593234,17065748
Sydney,Australia,5421590,4.199464222701015,5649267
Cairo,Egypt,3534937,2.2118900337840306,3613125
New York,USA,12546081,3.9902533291639735,13046701
Sydney,Australia,1812461,4.8401449425536525,1900186
New York,USA,22204252,1.416949066074601,22518874
Shanghai,China,19495440,2.854983340376336,20052031
Cairo,Egypt,3710626,1.79212081138059,3777124
Mumbai,India,27089868,4.067844885652277,28191841
Tokyo,Japan,12369960,3.099170146465209,12753326
Sao Paulo,Brazil,16404302,3.355620878976367,16954768
Mumbai,India,25683382,4.090613718271523,26733989
Tokyo,Japan,25087324,2.281867126981047,25659783
London,UK,27552476,4.617905307831695,28824823
Moscow,Russia,7440010,2.8986299026076296,7655668
Los Angeles,USA,9674163,1.210796702759066,9791297
Los Angeles,USA,18221407,3.631546031759611,18883125
Sao Paulo,Brazil,19279553,4.069676076972145,20064168
Cairo,Egypt,4486669,1.92542754680387,4573056
Shanghai,China,15994515,4.357306656494389,16691445
Cairo,Egypt,27086421,4.577644646445949,28326341
Shanghai,China,28209162,1.7460701932001401,28701713
Cairo,Egypt,4722946,4.925846627218499,4955591
Moscow,Russia,24841616,1.133201876219413,25123121
London,UK,10874813,1.409070507811205,11028046
London,UK,12254507,1.3290117765711176,12417370
Tokyo,Japan,1224695,4.522953695035417,1280087
Sydney,Australia,12370075,3.4443164854623283,12796139
London,UK,21218844,1.1844692745002279,21470174
London,UK,27267668,2.4814553826575705,27944303
Mumbai,India,15063918,3.2688411128141093,15556333
Mumbai,India,25330191,0.8755883824522248,25551979
Tokyo,Japan,25900452,4.470873657833025,27058428
Sydney,Australia,25539066,4.116215909486908,26590309
Sao Paulo,Brazil,16388755,2.7734304810948722,16843285
Mumbai,India,10799314,4.852069768666267,11323304
Sao Paulo,Brazil,4340216,2.3799244067379486,4443509
New York,USA,21610500,4.92849643566424,22675572
Mumbai,India,14245696,3.5056399946163217,14745098
Moscow,Russia,2847865,3.3560207296427365,2943439
Sydney,Australia,15921595,1.2467970288310326,16120104
Tokyo,Japan,25363941,4.468674912370898,26497373
New York,USA,15568974,2.423703595642768,15946319
Sydney,Australia,16674529,1.230050326021157,16879634
Moscow,Russia,10308092,0.5567338398909156,10365480
Sydney,Australia,22675170,3.0189005763727215,23359710
Moscow,Russia,5017136,2.8732982995520433,5161293
Moscow,Russia,14869848,3.7370913006612136,15425547
Sao Paulo,Brazil,18122071,4.50616123858011,18938680
Cairo,Egypt,6750283,0.8573296308936329,6808155
New York,USA,2074961,3.7917342065316304,2153638
Sydney,Australia,22402894,1.34335374843912,22703844
Shanghai,China,12950571,4.361796739207238,13515448
New York,USA,20155151,4.1857858123774525,20998802
Cairo,Egypt,18911322,2.9335718974349496,19466099
New York,USA,13866619,3.696092593804902,14379142
London,UK,26074093,1.9145755093268677,26573301
Shanghai,China,3474968,2.620255545197666,3566021
Cairo,Egypt,7166160,4.197366039697123,7466949
Sao Paulo,Brazil,23449756,2.5666933872794626,24051639
Sydney,Australia,14569332,2.110092193964488,14876758
Los Angeles,USA,23422023,2.7239560126263496,24060028
Cairo,Egypt,23749774,4.227121635967483,24753705
Tokyo,Japan,3442266,2.0084362131689275,3511401
Sydney,Australia,5437677,1.2819271691108471,5507384
Cairo,Egypt,14793267,3.7040630914885133,15341218
London,UK,10607366,4.2169019571863675,11054668
Los Angeles,USA,6241218,0.9528686533559,6300688
London,UK,27821567,1.5794335074017511,28260990
Los Angeles,USA,22927851,1.1388739539244725,23188970
Tokyo,Japan,6481140,2.0657363521197496,6615023
Sydney,Australia,24991831,2.526579405074357,25623269
Sao Paulo,Brazil,29234105,3.869718516334879,30365382
London,UK,25787859,3.4301641319675333,26672424
London,UK,5981262,3.2941785536529404,6178295
Moscow,Russia,22302424,2.0856872597434446,22767582
Los Angeles,USA,6290717,4.28651398888142,6560369
Mumbai,India,1518349,2.6207922532917407,1558141
Sydney,Australia,20659206,4.905972221068195,21672740
Los Angeles,USA,1797968,3.3536396223308156,1858265
Moscow,Russia,25670077,1.0681913370402623,25944282
New York,USA,26244907,3.542799029339453,27174711
Los Angeles,USA,23988627,1.9629680694426455,24459516
Sao Paulo,Brazil,3655971,3.5884723850874383,3787164
Sydney,Australia,16999496,0.8133851667308258,17137767
Moscow,Russia,23386341,1.2869664672918173,23687315
New York,USA,20651515,4.350817665076038,21550024
Shanghai,China,8339838,1.522308006605817,8466796
Moscow,Russia,14236949,4.26668506359323,14844394
Shanghai,China,17520181,1.7567423980448469,17827965
Sydney,Australia,25107508,3.3929685952641844,25959397
London,UK,15467188,3.6236775807942396,16027669
Moscow,Russia,19581889,2.8069463891527384,20131542
Tokyo,Japan,3938199,1.8738980451352907,4011996
Shanghai,China,16286855,1.4568996936699325,16524138
Sao Paulo,Brazil,25371594,0.649352095530918,25536344
Tokyo,Japan,9998604,1.8677588055832572,10185353
Cairo,Egypt,5909776,3.4392325573907736,6113026
Cairo,Egypt,17355399,4.722371683018172,18174985
New York,USA,16724308,4.420420170183734,17463592
London,UK,10167121,3.9472914944088617,10568446
Sydney,Australia,4303389,4.048013044639844,4477590
Moscow,Russia,9025407,3.4924320656419785,9340613
Mumbai,India,22131601,1.6712908590470135,22501484
Sao Paulo,Brazil,15501229,4.582377638176235,16211553
Shanghai,China,26554414,3.518295403576253,27488676
Sydney,Australia,27931806,3.02198283941198,28775900
Tokyo,Japan,14476005,0.9994526114606648,14620685
Cairo,Egypt,12167263,2.5117499471289144,12472874
Sao Paulo,Brazil,4151882,2.571612220408668,4258652
Mumbai,India,4210016,4.390536242852015,4394858
Moscow,Russia,28545701,2.959916990845048,29390630
New York,USA,7737320,2.2118024703668433,7908454
Mumbai,India,3389383,4.895601478297967,3555313
Sao Paulo,Brazil,24773962,0.9982426699684206,25021266
Mumbai,India,17941269,2.4014679274037505,18372122
Sao Paulo,Brazil,15464087,0.6891110382713238,15570651
Sao Paulo,Brazil,23750760,3.8295685434511864,24660311
Los Angeles,USA,6282379,4.631344484896178,6573337
Shanghai,China,10825144,1.7601679829772023,11015684
Cairo,Egypt,3542637,4.3625375455960445,3697185
Los Angeles,USA,9033951,1.81498203707854,9197915
Moscow,Russia,12779534,4.598465727397619,13367196
Los Angeles,USA,29779087,3.8928285661855275,30938335
London,UK,25884533,4.122080495786474,26951514
London,UK,5158549,0.5810295002020452,5188521
Cairo,Egypt,10734816,4.832646606833117,11253591
Mumbai,India,22308105,3.7700194643164546,23149124
Shanghai,China,11167207,1.8713799292375999,11376187
Cairo,Egypt,9411039,4.232275991864811,9809340
Sao Paulo,Brazil,17052465,1.7668453928671848,17353755
Tokyo,Japan,27408955,4.427392278047575,28622456
Shanghai,China,10035616,1.0066117568537165,10136635
Shanghai,China,9962049,3.666586898573581,10327316
Sao Paulo,Brazil,13851424,2.9331431449020964,14257706
Sao Paulo,Brazil,9284960,0.9344051158794837,9371719
New York,USA,19827165,1.5885222271647754,20142123
Cairo,Egypt,9388512,0.5558181632479166,9440695
Sao Paulo,Brazil,19045516,2.6094558445902765,19542500
London,UK,2947763,1.8556936734200016,3002464
Moscow,Russia,27795673,3.192608679339915,28683080
Tokyo,Japan,28050901,1.8375701346887774,28566355
Cairo,Egypt,8654502,1.849636001781431,8814578
Sydney,Australia,4882149,3.8443693942922152,5069836
London,UK,22650278,0.7166427619025906,22812599
Mumbai,India,24822425,4.563027478363942,25955079
Sao Paulo,Brazil,9439469,4.335187434760316,9848687
Sydney,Australia,25455289,3.5051210745188293,26347527
Sao Paulo,Brazil,16941617,3.1694970654832293,17478581
Shanghai,China,5845710,4.515361241628435,6109664
London,UK,21777953,1.333985807879215,22068467
Shanghai,China,10109609,0.8553612298587288,10196082
New York,USA,15689142,1.5777957645929215,15936684
Shanghai,China,28156907,4.075602254150857,29304470
New York,USA,13907824,0.656016200269175,13999061
New York,USA,27789735,3.1226307578757035,28657505
Sydney,Australia,16538122,4.979468822860895,17361632
Sao Paulo,Brazil,15391234,4.350632422268927,16060850
Mumbai,India,25035962,2.8465056006961524,25748612
Shanghai,China,2443717,0.7863840917898905,2462934
London,UK,5409352,4.241180814735694,5638772
New York,USA,29023557,3.1954032867974473,29950976
Sao Paulo,Brazil,22888358,1.0171984867680508,23121178
Tokyo,Japan,16329502,0.922357781705103,16480118
Cairo,Egypt,10594271,4.593320687464666,11080899
Sydney,Australia,9421928,3.511401183221353,9752769
Mumbai,India,26492849,4.2317905969254,27613970
Los Angeles,USA,24683787,4.455405051270203,25783549
Sydney,Australia,17241927,3.07297558421745,17771767
Tokyo,Japan,9752967,2.828508582897686,10028830
Cairo,Egypt,14526705,2.436923346444456,14880709
Tokyo,Japan,2308507,1.9262596450600369,2352974
Shanghai,China,21843837,2.455681823864203,22380252
New York,USA,10331795,3.9824584507857037,10743254
Mumbai,India,16086909,3.208655439568092,16603082
Moscow,Russia,13382318,4.516354804796808,13986710
New York,USA,10986298,2.495210064706345,11260429
Moscow,Russia,1100734,3.231903104234393,1136308
Cairo,Egypt,9546310,3.340883988913949,9865241
Sao Paulo,Brazil,20628490,3.162637230378465,21280894
Los Angeles,USA,19003027,3.6618519788848234,19698889
London,UK,27312911,1.5684506076866283,27741300
New York,USA,4081091,2.805636998956058,4195591
Mumbai,India,17002437,0.9690116126375645,17167192
Tokyo,Japan,21606265,2.2303009744016564,22088149
Mumbai,India,12091989,2.69450180879569,12417807
Cairo,Egypt,19645886,3.435009167954626,20320723
Moscow,Russia,13681730,4.777389736637915,14335359
Tokyo,Japan,8265406,3.2029297994676016,8530141
London,UK,13735272,3.846172622794519,14263554
London,UK,22590889,2.7781972677284124,23218508
New York,USA,5755469,3.353468141193491,5948476
Cairo,Egypt,16053770,0.8191949726019805,16185281
Sao Paulo,Brazil,27098641,1.6447621137883115,27544349
Cairo,Egypt,25329205,2.128338919423124,25868296
Moscow,Russia,22112918,2.626220097529311,22693651
Mumbai,India,8974411,0.7054193547607268,9037718
London,UK,15150540,1.1301084389899296,15321757
Mumbai,India,12666968,1.745664385060876,12888090
Mumbai,India,20739948,4.871897109054728,21750376
Mumbai,India,28346162,1.9910615319637284,28910551
London,UK,2992825,2.6691847615043716,3072709
Sydney,Australia,4832978,1.382439707322768,4899791
Shanghai,China,7152941,3.2485103198409573,7385305
Moscow,Russia,5115811,1.7630744698218843,5206006
Sydney,Australia,9983212,1.4314666029729204,10126118
Moscow,Russia,11438535,2.8245768280069057,11761625
Tokyo,Japan,20951324,0.5247760962218937,21061271
Cairo,Egypt,3731638,0.5344881469215139,3751583
Cairo,Egypt,18041716,1.4858096409583599,18309781
Los Angeles,USA,11556086,0.6652461312536951,11632962
Cairo,Egypt,20753247,0.9861158935881111,20957898
London,UK,26805106,2.0248729220243824,27347875
Sao Paulo,Brazil,24289643,4.111635558109158,25288344
New York,USA,3903633,3.0742188951618536,4023639
Los Angeles,USA,23489029,2.807004766803874,24148367
New York,USA,2940369,1.8206997044365474,2993904
Moscow,Russia,21725458,4.692891737447674,22745010
New York,USA,9127125,2.2865676855673627,9335822
New York,USA,18994276,0.8919174505809717,19163689
Los Angeles,USA,18808735,3.2767993225301058,19425059
Tokyo,Japan,15672183,1.0122727706447063,15830828
Mumbai,India,26955176,2.0535041426076144,27508701
Cairo,Egypt,5678714,2.78335372423014,5836772
Cairo,Egypt,9109698,4.434001361083292,9513622
London,UK,15609307,2.720959611530534,16034029
Los Angeles,USA,19167497,3.6601644471424892,19869058
London,UK,21718322,4.967675775495817,22797217
Sao Paulo,Brazil,3322466,1.0917010395409172,3358737
Sao Paulo,Brazil,8778748,1.7362918648378378,8931172
London,UK,9099932,2.2755923401894087,9307009
Los Angeles,USA,19628533,2.398226803424741,20099269
London,UK,2946830,2.349594838694956,3016068
Cairo,Egypt,20391366,4.584249511504497,21326157
Sydney,Australia,8238987,3.713146900100854,8544912
Shanghai,China,10957168,3.235573463408167,11311695
New York,USA,5660061,1.8921772303825195,5767159
Shanghai,China,3605214,4.207056728995826,3756887
Los Angeles,USA,8923641,4.79777230168245,9351776
Shanghai,China,3229180,4.1953922714760195,3364656
Sao Paulo,Brazil,11717207,0.5070429733616281,11776618
Moscow,Russia,16540627,3.3638061658253315,17097021
New York,USA,17169764,0.7301092164894533,17295122
Mumbai,India,10384451,1.6592324915017485,10556753
Los Angeles,USA,5188891,0.7678611515649726,5228734
New York,USA,17541035,3.217079538272245,18105344
Shanghai,China,10014653,3.5896546107167304,10374144
Sao Paulo,Brazil,15064147,1.015194371296573,15217077
Tokyo,Japan,21808635,2.2272749737024076,22294373
Sydney,Australia,5495511,2.553064290299939,5635814
Mumbai,India,19202161,2.1607385979241247,19617069
Sydney,Australia,27557362,1.0446125021833688,27845229
New York,USA,3363999,2.3852650558436395,3444239
Sao Paulo,Brazil,10109096,3.8803012151378815,10501359
Sao Paulo,Brazil,5790691,0.8195344903996495,5838147
Shanghai,China,26584889,0.8608100633685656,26813734
Cairo,Egypt,28950196,2.096470813261929,29557128
Shanghai,China,22003105,4.737765702285163,23045560
Cairo,Egypt,10852415,3.5085769102531135,11233180
Cairo,Egypt,20869411,3.5540148050265414,21611112
Mumbai,India,27782273,2.1286399587703926,28373657
Shanghai,China,18066318,3.171473560438423,18639286
Tokyo,Japan,10725345,0.5455903281248452,10783861
London,UK,17722851,3.36243220884294,18318769
London,UK,29225830,4.609791264093065,30573079
Shanghai,China,15561193,3.2565806075516863,16067955
Shanghai,China,28542898,4.431643670598553,29807817
Sydney,Australia,12186361,3.757878749597422,12644309
Mumbai,India,27256629,1.042512873816606,27540782
Shanghai,China,5443778,4.561039882786288,5692070
Sydney,Australia,25820972,0.798997299600987,26027280
Cairo,Egypt,21939281,2.902853626464937,22576146
Sao Paulo,Brazil,29175911,1.1396170570705595,29508404
Sao Paulo,Brazil,1260116,0.5526797482890683,1267080
Cairo,Egypt,29134286,2.3991541705743753,29833262
Los Angeles,USA,7086368,1.8276831844437031,7215884
Sydney,Australia,29207970,2.6870022220892134,29992788
Sydney,Australia,12006745,3.0973994903054787,12378641
Cairo,Egypt,21991495,0.696825825390263,22144737
Tokyo,Japan,12950831,1.0535148280568554,13087269
Moscow,Russia,2257949,3.013890784026914,2326001
